[Licensing::Module] Trying to connect to existing licensing client channel...
Built from '6000.5/staging' branch; Version is '6000.5.6f1 (0e0577a1a2ac) revision 918903'; Using compiler version '194234433'; Build Type 'Release'
OS: 'Windows 11  (10.0.22631) CoreSingleLanguage' Language: 'en' Physical Memory: 7975 MB
[Licensing::IpcConnector] Successfully connected to: "LicenseClient-bhask" at "2026-08-27T16:41:01.7962668Z"
BatchMode: 0, IsHumanControllingUs: 1, StartBugReporterOnCrash: 1, Is64bit: 1
System  architecture: x64
Process architecture: x64
Date: 2026-08-27T16:41:01Z

COMMAND LINE ARGUMENTS:
C:\Program Files\Unity\Hub\Editor\6000.5.6f1\Editor\Unity.exe
-projectpath
C:\Users\bhask\OneDrive\Desktop\My project
-acceptSoftwareTermsForThisRunOnly
-useHub
-hubIPC
-cloudEnvironment
production
-licensingIpc
LicenseClient-bhask
-hubSessionId
992b2121-6bc8-4414-b470-3aed416595d3
-accessToken
qkbwdH650ZlrNCXU2nwCMil7RyVZBJ4-SGUt__npZTk00cf
Successfully changed project path to: C:\Users\bhask\OneDrive\Desktop\My project
C:/Users/bhask/OneDrive/Desktop/My project
[UnityMemory] Configuration Parameters - Can be set up in boot.config
    "memorysetup-temp-allocator-size-gi-baking-worker=262144"
    "memorysetup-temp-allocator-size-gi-baking-worker=262144"
    "memorysetup-temp-allocator-size-gi-baking-worker=262144"
    "memorysetup-temp-allocator-size-gi-baking-worker=262144"
    "memorysetup-temp-allocator-size-gi-baking-worker=262144"
    "memorysetup-temp-allocator-size-nav-mesh-worker=65536"
    "memorysetup-temp-allocator-size-audio-worker=65536"
    "memorysetup-temp-allocator-size-cloud-worker=32768"
    "memorysetup-temp-allocator-size-gfx=262144"
    "memorysetup-temp-allocator-size-preload-manager=33554432"
    "memorysetup-allocator-temp-initial-block-size-main=262144"
    "memorysetup-allocator-temp-initial-block-size-worker=262144"
    "memorysetup-temp-allocator-size-job-worker=262144"
    "memorysetup-temp-allocator-size-background-worker=32768"
    "memorysetup-bucket-allocator-granularity=16"
    "memorysetup-bucket-allocator-bucket-count=8"
    "memorysetup-bucket-allocator-block-size=33554432"
    "memorysetup-bucket-allocator-block-count=8"
    "memorysetup-main-allocator-block-size=16777216"
    "memorysetup-thread-allocator-block-size=16777216"
    "memorysetup-main-allocator-mimalloc-enabled=0"
    "memorysetup-gfx-main-allocator-block-size=16777216"
    "memorysetup-gfx-thread-allocator-block-size=16777216"
    "memorysetup-cache-allocator-block-size=4194304"
    "memorysetup-typetree-allocator-block-size=2097152"
    "memorysetup-profiler-bucket-allocator-granularity=16"
    "memorysetup-profiler-bucket-allocator-bucket-count=8"
    "memorysetup-profiler-bucket-allocator-block-size=33554432"
    "memorysetup-profiler-bucket-allocator-block-count=8"
    "memorysetup-profiler-allocator-block-size=16777216"
    "memorysetup-profiler-editor-allocator-block-size=1048576"
    "memorysetup-temp-allocator-size-main=16777216"
    "memorysetup-job-temp-allocator-block-size=2097152"
    "memorysetup-job-temp-allocator-block-size-background=1048576"
    "memorysetup-job-temp-allocator-reduction-small-platforms=262144"
Player connection [17692]  Target information:

Player connection [17692]  * "[IP] 10.139.59.117 [Port] 55504 [Flags] 2 [Guid] 635432918 [EditorId] 635432918 [Version] 1048832 [Id] WindowsEditor(7,km_bhaskara) [Debug] 1 [PackageName] WindowsEditor [ProjectName] Editor" 

Player connection [17692] Host joined multi-casting on [225.0.0.222:54997]...
Player connection [17692] Host joined alternative multi-casting on [225.0.0.222:34997]...
Input System module state changed to: Initialized.
[Physics::Module] Initialized fallback backend.
[Physics::Module] Id: 0xdecafbad
[Package Manager] Connected to IPC stream "Upm-4560" after 0.4 seconds.
[Licensing::Module] Licensing is not yet initialized.
[Licensing::Client] Error: HandshakeResponse reported an error:
	ResponseCode: 505
	ResponseStatus: Unsupported protocol version '1.18.1'.
[Licensing::Module] Error: Failed to handshake to channel: "LicenseClient-bhask"
[Licensing::IpcConnector] LicenseClient-bhask channel disconnected successfully.
[Licensing::IpcConnector] Channel LicenseClient-bhask-6000.5.6 doesn't exist
[Licensing::Module] Successfully launched the LicensingClient (PId: 15368)
Starting IPC server.
Waiting for clients to connect on \\.\pipe\Unity-LicenseClient-bhask-6000.5.6, press Ctrl-C to exit.
[Licensing::IpcConnector] Successfully connected to: "LicenseClient-bhask-6000.5.6" at "2026-08-27T16:41:04.7633077Z"
[Licensing::Client] Code 10 while verifying Licensing Client signature (process Id: 15368, path: "C:/Program Files/Unity/Hub/Editor/6000.5.6f1/Editor/Data/Resources/Licensing/Client/Unity.Licensing.Client.exe")
[Licensing::Module] LicensingClient has failed validation; ignoring
[Licensing::Client] Handshaking with LicensingClient:
  Version:                 1.18.1+9fbee8e
  Session Id:              cb7fd4ac15ec4292a79bbe4a6dce78c9
  Correlation Id:          45969fc3dbe9b9f93e462fe27f1b869e
  External correlation Id: 6510649185363364271
  Machine Id:              cucPe6F6hgfuHbLCbX8Rl4HR0qU=
[Licensing::Module] Successfully connected to LicensingClient on channel: "LicenseClient-bhask-6000.5.6" (connect: 0.37s, validation: 0.25s, handshake: 0.01s)
[Licensing::IpcConnector] Successfully connected to: "LicenseClient-bhask-6000.5.6-notifications" at "2026-08-27T16:41:05.0300318Z"
[Licensing::Module] Connected to LicensingClient (PId: 15368, launch time: 0.01, total connection time: 0.64s)
[Licensing::Client] Successfully updated the access token
[Licensing::Module] Successfully updated the access token qkbwdH650Z...
[Licensing::Client] Successfully resolved entitlement details
[Licensing::Module] License group:
  Id: 13469945086432-UnityPersXXXX
  Product: Unity Personal
  Type: Assigned
  Expiration: Unlimited
[Licensing::Client] Successfully updated license, isAsync: True, time: 0.01
[Licensing::Client] Successfully resolved entitlement details
[Licensing::Module] Licensing Background thread has ended after 3.29s
[Licensing::Module] Licensing is initialized (took 2.64s).
[Licensing::Client] Successfully resolved entitlement details
Library Redirect Path: Library/
[Physics::Module] Selected backend.
[Physics::Module] Name: PhysX
[Physics::Module] Id: 0xf2b8ea05
[Physics::Module] SDK Version: 4.1.2
[Physics::Module] Integration Version: 1.0.0
[Physics::Module] Threading Mode: Multi-Threaded
Artifact Garbage Collection - Removed 1 unused hashed content files
Initialize engine version: 6000.5.6f1 (0e0577a1a2ac)
[Subsystems] Discovering subsystems at path C:/Program Files/Unity/Hub/Editor/6000.5.6f1/Editor/Data/Resources/UnitySubsystems
[Subsystems] Discovering subsystems at path C:/Users/bhask/OneDrive/Desktop/My project/Assets
[D3D12 Device Filter] Vendor Name: Intel
[D3D12 Device Filter] Device Name: Intel(R) Iris(R) Xe Graphics
[D3D12 Device Filter] Driver Version: 30.0.101.1338
[D3D12 Device Filter] Feature Level: 12.1
[D3D12 Device Filter] Graphics Memory: 3987 MB
[D3D12 Device Filter] Processor Count: 8
[D3D12 Device Filter] Device Type: Integrated
[D3D12 Device Filter] D3D12 API denied by user filter: {"Vendor": "Intel", "Device Type:": Integrated}
GfxDevice: creating device client; kGfxThreadingModeThreaded
Direct3D:
    Version:  Direct3D 11.0 [level 11.1]
    Renderer: Intel(R) Iris(R) Xe Graphics (ID=0x9a49)
    Vendor:   Intel
    VRAM:     3987 MB
    Driver:   30.0.101.1338
Initialize mono
Mono path[0] = 'C:/Program Files/Unity/Hub/Editor/6000.5.6f1/Editor/Data/Managed'
Mono path[1] = 'C:/Program Files/Unity/Hub/Editor/6000.5.6f1/Editor/Data/BCLExtensions/runtime/netstandard2.1'
Mono path[2] = 'C:/Program Files/Unity/Hub/Editor/6000.5.6f1/Editor/Data/MonoBleedingEdge/lib/mono/unityjit-win32'
Mono config path = 'C:/Program Files/Unity/Hub/Editor/6000.5.6f1/Editor/Data/MonoBleedingEdge/etc'
Using monoOptions --debugger-agent=transport=dt_socket,embedding=1,server=y,suspend=n,address=127.0.0.1:56560
CodeReloadManager initialized
ImportWorker Server TCP listen port: 0
AcceleratorClientConnectionCallback - disconnected - :0
Begin MonoManager ReloadAssembly
Registering precompiled unity dll's ...
Register platform support module: C:/Program Files/Unity/Hub/Editor/6000.5.6f1/Editor/Data/PlaybackEngines/WebGLSupport/UnityEditor.WebGL.Extensions.dll
Register platform support module: C:/Program Files/Unity/Hub/Editor/6000.5.6f1/Editor/Data/PlaybackEngines/WindowsStandaloneSupport/UnityEditor.WindowsStandalone.Extensions.dll
[Licensing::Client] Successfully resolved entitlement details
Register platform support module: C:/Program Files/Unity/Hub/Editor/6000.5.6f1/Editor/Data/PlaybackEngines/AndroidPlayer/UnityEditor.Android.Extensions.dll
Registered in 0.009057 seconds.
Native extension for Android target not found
Native extension for WindowsStandalone target not found
Native extension for WebGL target not found
Package Manager log level set to [2]
ScheduleIndexationOnStartup MainProcess:False IndexOnStartup:True
Mono: successfully reloaded assembly
- Finished resetting the current domain, in  0.699 seconds
Domain Reload Profiling: 1491ms
	BeginReloadAssembly (196ms)
		CreateAndSetChildDomain (14ms)
	RebuildCommonClasses (9ms)
	RebuildNativeTypeToScriptingClass (33ms)
	initialDomainReloadingComplete (102ms)
	LoadAllAssembliesAndSetupDomain (448ms)
		LoadAssemblies (180ms)
		AnalyzeDomain (337ms)
			TypeCache.Refresh (335ms)
				TypeCache.ScanAssembly (308ms)
	FinalizeReload (703ms)
		SetupLoadedEditorAssemblies (0ms)
			InitializePlatformSupportModulesInManaged (106ms)
			BeforeProcessingInitializeOnLoad (128ms)
			ProcessInitializeOnLoadAttributes (158ms)
			ProcessInitializeOnLoadMethodAttributes (205ms)
[Licensing::Client] Successfully resolved entitlement details
Application.AssetDatabase Initial Refresh Start
[Package Manager] Restoring resolved packages state from cache
[Licensing::Client] Successfully resolved entitlement details
[Package Manager] Registered 57 packages:
  Packages from [https://packages.unity.com]:
    com.unity.ai.navigation@2.0.14 (location: C:\Users\bhask\OneDrive\Desktop\My project\Library\PackageCache\com.unity.ai.navigation@134dd6a3b97b)
    com.unity.collab-proxy@2.13.3 (location: C:\Users\bhask\OneDrive\Desktop\My project\Library\PackageCache\com.unity.collab-proxy@4f3be89e8675)
    com.unity.ide.rider@3.0.38 (location: C:\Users\bhask\OneDrive\Desktop\My project\Library\PackageCache\com.unity.ide.rider@1f60b3138684)
    com.unity.ide.visualstudio@2.0.26 (location: C:\Users\bhask\OneDrive\Desktop\My project\Library\PackageCache\com.unity.ide.visualstudio@a99d56dec63f)
    com.unity.inputsystem@1.20.0 (location: C:\Users\bhask\OneDrive\Desktop\My project\Library\PackageCache\com.unity.inputsystem@7a4e1a2a8194)
    com.unity.timeline@1.8.12 (location: C:\Users\bhask\OneDrive\Desktop\My project\Library\PackageCache\com.unity.timeline@8cd8509afae5)
    com.unity.visualscripting@1.9.11 (location: C:\Users\bhask\OneDrive\Desktop\My project\Library\PackageCache\com.unity.visualscripting@8bed5ad90189)
    com.unity.searcher@4.9.4 (location: C:\Users\bhask\OneDrive\Desktop\My project\Library\PackageCache\com.unity.searcher@d45a78918735)
    com.unity.burst@1.8.29 (location: C:\Users\bhask\OneDrive\Desktop\My project\Library\PackageCache\com.unity.burst@6bb9aca3ef38)
    com.unity.nuget.mono-cecil@1.11.6 (location: C:\Users\bhask\OneDrive\Desktop\My project\Library\PackageCache\com.unity.nuget.mono-cecil@ecb9724e46ff)
    com.unity.test-framework.performance@3.5.0 (location: C:\Users\bhask\OneDrive\Desktop\My project\Library\PackageCache\com.unity.test-framework.performance@8b56083ec0f0)
  Built-in packages:
    com.unity.multiplayer.center@1.0.1 (location: C:\Users\bhask\OneDrive\Desktop\My project\Library\PackageCache\com.unity.multiplayer.center@b860850997d0)
    com.unity.render-pipelines.universal@17.5.0 (location: C:\Users\bhask\OneDrive\Desktop\My project\Library\PackageCache\com.unity.render-pipelines.universal@73b4c4ff130e)
    com.unity.test-framework@1.7.0 (location: C:\Users\bhask\OneDrive\Desktop\My project\Library\PackageCache\com.unity.test-framework@1405238725ab)
    com.unity.ugui@2.5.0 (location: C:\Users\bhask\OneDrive\Desktop\My project\Library\PackageCache\com.unity.ugui@67707a67a4ab)
    com.unity.modules.accessibility@1.0.0 (location: C:\Users\bhask\OneDrive\Desktop\My project\Library\PackageCache\com.unity.modules.accessibility)
    com.unity.modules.adaptiveperformance@1.0.0 (location: C:\Users\bhask\OneDrive\Desktop\My project\Library\PackageCache\com.unity.modules.adaptiveperformance)
    com.unity.modules.ai@1.0.0 (location: C:\Users\bhask\OneDrive\Desktop\My project\Library\PackageCache\com.unity.modules.ai)
    com.unity.modules.androidjni@1.0.0 (location: C:\Users\bhask\OneDrive\Desktop\My project\Library\PackageCache\com.unity.modules.androidjni)
    com.unity.modules.animation@1.0.0 (location: C:\Users\bhask\OneDrive\Desktop\My project\Library\PackageCache\com.unity.modules.animation)
    com.unity.modules.assetbundle@1.0.0 (location: C:\Users\bhask\OneDrive\Desktop\My project\Library\PackageCache\com.unity.modules.assetbundle)
    com.unity.modules.audio@1.0.0 (location: C:\Users\bhask\OneDrive\Desktop\My project\Library\PackageCache\com.unity.modules.audio)
    com.unity.modules.cloth@1.0.0 (location: C:\Users\bhask\OneDrive\Desktop\My project\Library\PackageCache\com.unity.modules.cloth)
    com.unity.modules.director@1.0.0 (location: C:\Users\bhask\OneDrive\Desktop\My project\Library\PackageCache\com.unity.modules.director)
    com.unity.modules.imageconversion@1.0.0 (location: C:\Users\bhask\OneDrive\Desktop\My project\Library\PackageCache\com.unity.modules.imageconversion)
    com.unity.modules.imgui@1.0.0 (location: C:\Users\bhask\OneDrive\Desktop\My project\Library\PackageCache\com.unity.modules.imgui)
    com.unity.modules.jsonserialize@1.0.0 (location: C:\Users\bhask\OneDrive\Desktop\My project\Library\PackageCache\com.unity.modules.jsonserialize)
    com.unity.modules.particlesystem@1.0.0 (location: C:\Users\bhask\OneDrive\Desktop\My project\Library\PackageCache\com.unity.modules.particlesystem)
    com.unity.modules.physics@1.0.0 (location: C:\Users\bhask\OneDrive\Desktop\My project\Library\PackageCache\com.unity.modules.physics)
    com.unity.modules.physics2d@1.0.0 (location: C:\Users\bhask\OneDrive\Desktop\My project\Library\PackageCache\com.unity.modules.physics2d)
    com.unity.modules.physicscore2d@1.0.0 (location: C:\Users\bhask\OneDrive\Desktop\My project\Library\PackageCache\com.unity.modules.physicscore2d)
    com.unity.modules.screencapture@1.0.0 (location: C:\Users\bhask\OneDrive\Desktop\My project\Library\PackageCache\com.unity.modules.screencapture)
    com.unity.modules.terrain@1.0.0 (location: C:\Users\bhask\OneDrive\Desktop\My project\Library\PackageCache\com.unity.modules.terrain)
    com.unity.modules.terrainphysics@1.0.0 (location: C:\Users\bhask\OneDrive\Desktop\My project\Library\PackageCache\com.unity.modules.terrainphysics)
    com.unity.modules.tilemap@1.0.0 (location: C:\Users\bhask\OneDrive\Desktop\My project\Library\PackageCache\com.unity.modules.tilemap)
    com.unity.modules.ui@1.0.0 (location: C:\Users\bhask\OneDrive\Desktop\My project\Library\PackageCache\com.unity.modules.ui)
    com.unity.modules.uielements@1.0.0 (location: C:\Users\bhask\OneDrive\Desktop\My project\Library\PackageCache\com.unity.modules.uielements)
    com.unity.modules.umbra@1.0.0 (location: C:\Users\bhask\OneDrive\Desktop\My project\Library\PackageCache\com.unity.modules.umbra)
    com.unity.modules.unityanalytics@1.0.0 (location: C:\Users\bhask\OneDrive\Desktop\My project\Library\PackageCache\com.unity.modules.unityanalytics)
    com.unity.modules.unitywebrequest@1.0.0 (location: C:\Users\bhask\OneDrive\Desktop\My project\Library\PackageCache\com.unity.modules.unitywebrequest)
    com.unity.modules.unitywebrequestassetbundle@1.0.0 (location: C:\Users\bhask\OneDrive\Desktop\My project\Library\PackageCache\com.unity.modules.unitywebrequestassetbundle)
    com.unity.modules.unitywebrequestaudio@1.0.0 (location: C:\Users\bhask\OneDrive\Desktop\My project\Library\PackageCache\com.unity.modules.unitywebrequestaudio)
    com.unity.modules.unitywebrequesttexture@1.0.0 (location: C:\Users\bhask\OneDrive\Desktop\My project\Library\PackageCache\com.unity.modules.unitywebrequesttexture)
    com.unity.modules.unitywebrequestwww@1.0.0 (location: C:\Users\bhask\OneDrive\Desktop\My project\Library\PackageCache\com.unity.modules.unitywebrequestwww)
    com.unity.modules.vectorgraphics@1.0.0 (location: C:\Users\bhask\OneDrive\Desktop\My project\Library\PackageCache\com.unity.modules.vectorgraphics)
    com.unity.modules.vehicles@1.0.0 (location: C:\Users\bhask\OneDrive\Desktop\My project\Library\PackageCache\com.unity.modules.vehicles)
    com.unity.modules.video@1.0.0 (location: C:\Users\bhask\OneDrive\Desktop\My project\Library\PackageCache\com.unity.modules.video)
    com.unity.modules.wind@1.0.0 (location: C:\Users\bhask\OneDrive\Desktop\My project\Library\PackageCache\com.unity.modules.wind)
    com.unity.modules.xr@1.0.0 (location: C:\Users\bhask\OneDrive\Desktop\My project\Library\PackageCache\com.unity.modules.xr)
    com.unity.modules.subsystems@1.0.0 (location: C:\Users\bhask\OneDrive\Desktop\My project\Library\PackageCache\com.unity.modules.subsystems)
    com.unity.modules.hierarchycore@1.0.0 (location: C:\Users\bhask\OneDrive\Desktop\My project\Library\PackageCache\com.unity.modules.hierarchycore)
    com.unity.ext.nunit@2.1.0 (location: C:\Users\bhask\OneDrive\Desktop\My project\Library\PackageCache\com.unity.ext.nunit@44f7d31723bd)
    com.unity.render-pipelines.core@17.5.0 (location: C:\Users\bhask\OneDrive\Desktop\My project\Library\PackageCache\com.unity.render-pipelines.core@645717f21c5f)
    com.unity.shadergraph@17.5.0 (location: C:\Users\bhask\OneDrive\Desktop\My project\Library\PackageCache\com.unity.shadergraph@8d7376ec43ee)
    com.unity.render-pipelines.universal-config@17.5.0 (location: C:\Users\bhask\OneDrive\Desktop\My project\Library\PackageCache\com.unity.render-pipelines.universal-config@fdda01c80fe3)
    com.unity.collections@6.5.0 (location: C:\Users\bhask\OneDrive\Desktop\My project\Library\PackageCache\com.unity.collections@a43cabe808ca)
    com.unity.mathematics@1.4.0 (location: C:\Users\bhask\OneDrive\Desktop\My project\Library\PackageCache\com.unity.mathematics@981956d94fb6)
[Subsystems] No new subsystems found in resolved package list.
[Package Manager] Done registering packages in 0.02 seconds
info: Microsoft.Hosting.Lifetime[14]
      Now listening on: http://localhost:80
info: Microsoft.Hosting.Lifetime[0]
      Application started. Press Ctrl+C to shut down.
info: Microsoft.Hosting.Lifetime[0]
      Hosting environment: Production
info: Microsoft.Hosting.Lifetime[0]
      Content root path: C:\Users\bhask\OneDrive\Desktop\My project
info: Microsoft.AspNetCore.Hosting.Diagnostics[1]
      Request starting HTTP/2 POST http://ilpp/UnityILPP.PostProcessing/Ping - application/grpc -
info: Microsoft.AspNetCore.Routing.EndpointMiddleware[0]
      Executing endpoint 'gRPC - /UnityILPP.PostProcessing/Ping'
info: Microsoft.AspNetCore.Routing.EndpointMiddleware[1]
      Executed endpoint 'gRPC - /UnityILPP.PostProcessing/Ping'
info: Microsoft.AspNetCore.Hosting.Diagnostics[2]
      Request finished HTTP/2 POST http://ilpp/UnityILPP.PostProcessing/Ping - 200 - application/grpc 43.9357ms
Starting: C:\Program Files\Unity\Hub\Editor\6000.5.6f1\Editor\Data\Tools\BuildPipeline\bee_backend.exe --ipc --defer-dag-verification --dagfile="Library/Bee/1900b0aE.dag" --continue-on-failure --profile="Library/Bee/backend1.traceevents" ScriptAssemblies
WorkingDir: C:/Users/bhask/OneDrive/Desktop/My project
info: Microsoft.AspNetCore.Hosting.Diagnostics[1]
      Request starting HTTP/2 POST http://ilpp/UnityILPP.PostProcessing/ConfigurePostProcessors - application/grpc -
info: Microsoft.AspNetCore.Routing.EndpointMiddleware[0]
      Executing endpoint 'gRPC - /UnityILPP.PostProcessing/ConfigurePostProcessors'
warn: Unity.ILPP.Runner.PostProcessingAssemblyLoadContext[0]
      Assembly system.runtime.interopservices.windowsruntime has duplicate hint path. Ignoring "C:\Program Files\Unity\Hub\Editor\6000.5.6f1\Editor\Data\UnityReferenceAssemblies\unity-4.8-api\Facades\System.Runtime.InteropServices.WindowsRuntime.dll" in favor of "C:\Program Files\Unity\Hub\Editor\6000.5.6f1\Editor\Data\NetStandard\Extensions\2.0.0\System.Runtime.InteropServices.WindowsRuntime.dll"
warn: Unity.ILPP.Runner.PostProcessingAssemblyLoadContext[0]
      Assembly system.componentmodel.composition has duplicate hint path. Ignoring "C:\Program Files\Unity\Hub\Editor\6000.5.6f1\Editor\Data\UnityReferenceAssemblies\unity-4.8-api\System.ComponentModel.Composition.dll" in favor of "C:\Program Files\Unity\Hub\Editor\6000.5.6f1\Editor\Data\NetStandard\compat\2.1.0\shims\netfx\System.ComponentModel.Composition.dll"
info: Unity.ILPP.Runner.PostProcessingAssemblyLoadContext[0]
      Resolved Unity.Burst.Cecil, Version=0.11.6.0, Culture=neutral, PublicKeyToken=50cebf1cceb9d05e with Library\PackageCache\com.unity.burst@6bb9aca3ef38\Unity.Burst.CodeGen\Unity.Burst.Cecil.dll
info: Unity.ILPP.Runner.PostProcessingAssemblyLoadContext[0]
      Resolved Mono.Cecil, Version=0.11.5.0, Culture=neutral, PublicKeyToken=50cebf1cceb9d05e with Library\PackageCache\com.unity.nuget.mono-cecil@ecb9724e46ff\Mono.Cecil.dll
info: Microsoft.AspNetCore.Routing.EndpointMiddleware[1]
      Executed endpoint 'gRPC - /UnityILPP.PostProcessing/ConfigurePostProcessors'
info: Microsoft.AspNetCore.Hosting.Diagnostics[2]
      Request finished HTTP/2 POST http://ilpp/UnityILPP.PostProcessing/ConfigurePostProcessors - 200 - application/grpc 102.1320ms
ExitCode: 0 Duration: 0s742ms
[741/940    0s] ILPP-Configuration Library/ilpp-configuration.nevergeneratedoutput
*** Tundra build success (0.68 seconds), 1 items updated, 940 evaluated
AssetDatabase: script compilation time: 1.540834s
Begin MonoManager ReloadAssembly
Native extension for Android target not found
Native extension for WindowsStandalone target not found
Native extension for WebGL target not found
Refreshing native plugins compatible for Editor in 2.13 ms, found 4 plugins.
ScheduleIndexationOnStartup MainProcess:True IndexOnStartup:True
Mono: successfully reloaded assembly
- Finished resetting the current domain, in  4.150 seconds
Domain Reload Profiling: 5661ms
	BeginReloadAssembly (495ms)
		DisableScriptedObjects (63ms)
		CreateAndSetChildDomain (171ms)
	RebuildCommonClasses (8ms)
	RebuildNativeTypeToScriptingClass (17ms)
	initialDomainReloadingComplete (68ms)
	LoadAllAssembliesAndSetupDomain (922ms)
		LoadAssemblies (623ms)
		AnalyzeDomain (349ms)
			TypeCache.Refresh (237ms)
				TypeCache.ScanAssembly (213ms)
			BuildScriptInfoCaches (101ms)
			ResolveRequiredComponents (8ms)
	FinalizeReload (4151ms)
		SetupLoadedEditorAssemblies (0ms)
			InitializePlatformSupportModulesInManaged (16ms)
			BeforeProcessingInitializeOnLoad (112ms)
			ProcessInitializeOnLoadAttributes (3031ms)
			ProcessInitializeOnLoadMethodAttributes (287ms)
			AfterProcessingInitializeOnLoad (7ms)
		AwakeInstancesAfterBackupRestoration (43ms)
Starting new worker id: 0 with log in C:/Users/bhask/OneDrive/Desktop/My project/Logs/AssetImportWorkerHW0.log

Asset Pipeline Refresh (id=6e4997b9f3e23a94b905de059abcc093): Total: 8.622 seconds - Initiated by InitialRefreshV2(ForceSynchronousImport)
	(Values over 0.05ms)
	Summary:
		Imports: total=0 (actual=0, local cache=0, cache server=0)
		Asset DB Process Time: managed=0 ms, native=5260 ms
		Asset DB Callback time: managed=88 ms, native=25 ms
		Scripting: domain reloads=1, domain reload time=1608 ms, compile time=1557 ms, other=82 ms
		Project Asset Count: scripts=1496, non-scripts=2925
		Asset File Changes: new=0, changed=0, moved=0, deleted=0
		Scan Filter Count: 0
	InvokePackagesCallback: 28.410ms
	ApplyChangesToAssetFolders: 0.841ms
	Scan: 357.334ms
	Collect global state as custom dependencies: 24.994ms
	CategorizeScriptCompilationAssets: 110.335ms
	ProcessAssetsWithTransientArtifactChanges: 95.960ms
	CategorizeAssets: 84.887ms
	CompileScripts: 1557.367ms
	ImportOutOfDateAssets: 4291.979ms (4196.740ms without children)
		UnloadImportedAssets: 1.314ms
		EnsureUptoDateAssetsAreRegisteredWithGuidPM: 0.920ms
		ImportSchedulerStart: 92.954ms
	PostProcessAllAssets: 88.509ms
		MonoPostProcessAllAssets: 88.407ms
			UniversalRenderPipelineGlobalSettingsPostprocessor.OnPostprocessAllAssets 37.859ms
			SyncVS.PostprocessSyncProject 8.794ms
			SpeedTree9Postprocessor.OnPostprocessAllAssets 5.444ms
			WindowAssetPostprocessingWatcher.OnPostprocessAllAssets 2.895ms
			EditModeScopePostprocessor.OnPostprocessAllAssets 1.412ms
			RenderPipelineGlobalSettingsPostprocessor.OnPostprocessAllAssets 0.836ms
			ShaderReflectionAssetPostProcessor.OnPostprocessAllAssets 0.555ms
			TerrainToolbarOverlayPostProcessor.OnPostprocessAllAssets 0.533ms
			InputActionAssetPostprocessor.OnPostprocessAllAssets 0.512ms
			ReferencedClipsPostProcessor.OnPostprocessAllAssets 0.349ms
			ProjectSettingsPostprocessor.OnPostprocessAllAssets 0.265ms
			AssetDatabaseCallbacks.OnPostprocessAllAssets 0.223ms
	UnloadStreamsBegin: 5.244ms
	PersistCurrentRevisions: 0.241ms
	GenerateScriptTypeHashes: 7.441ms
	GenerateScriptTypeSerializationHashes: 9.030ms
	Untracked: 1948.201ms

Application.AssetDatabase Initial Refresh End
Launched and connected shader compiler UnityShaderCompiler.exe after 0.05 seconds
Scanning for USB devices : 1.304ms
Initializing Unity extensions:
[MODES] ModeService[none].Initialize
[MODES] ModeService[none].LoadModes
[MODES] Loading mode Default (0) for mode-current-id-My project
Worker ready: AssetImportWorkerHW0 0
Unloading 33 Unused Serialized files (Serialized files now loaded: 0)
Loaded scene 'Assets/new game.unity'
	Deserialize:            84.518 ms
	Integration:            533.061 ms
	Integration of assets:  9.598 ms
	Thread Wait Time:       0.202 ms
	Total Operation Time:   627.378 ms
Unloading 6654 unused Assets / (6.6 MB). Loaded Objects now: 9367.
Memory consumption went from 461.5 MB to 454.9 MB.
Total: 26.702000 ms (FindLiveObjects: 3.606200 ms CreateObjectMapping: 4.757100 ms MarkObjects: 11.157200 ms  DeleteObjects: 6.909300 ms)

[LAYOUT] About to load UserSettings\Layouts\default-6000.dwlt, keepMainWindow=False
[LAYOUT] About to save layout C:\Users\bhask\OneDrive\Desktop\My project\UserSettings\Layouts\default-6000.dwlt
[LAYOUT] About to save layout C:/Users/bhask/AppData/Roaming/Unity/Editor-5.x/Preferences\Layouts\current\default-6000.dwlt
[MODES] ModeService[default].InitializeCurrentMode
[MODES] ModeService[default].RaiseModeChanged(default, default)
This project uses Input Manager, which is marked for deprecation. To manage input in your project, use the <a href="https://docs.unity3d.com/Packages/com.unity.inputsystem@latest">Input System package</a> instead.
<RI> Initializing input.
Using Windows.Gaming.Input
XInput1_3.dll not found. Trying XInput9_1_0.dll instead...
<RI> Input initialized.
[Project] Loading completed in 22.623 seconds
	Project init time: 				16.380 seconds
		Template init time: 		0.000 seconds
		Package Manager init time: 		3.025 seconds
		Asset Database init time: 		1.088 seconds
		Global illumination init time: 	0.008 seconds
		Assemblies load time: 			1.618 seconds
		Unity extensions init time: 	0.079 seconds
		Asset Database refresh time: 	8.623 seconds
	Scene opening time: 			5.941 seconds
##utp:{"type":"ProjectInfo","version":2,"phase":"Immediate","time":1787848884405,"processId":4560,"projectLoad":22.6230583,"projectInit":16.38028,"templateInit":0.0,"packageManagerInit":3.0250705,"assetDatabaseInit":1.0877909,"globalIlluminationInit":0.0077817,"assembliesLoad":1.6177847,"unityExtensionsInit":0.0788441,"assetDatabaseRefresh":8.6226609,"sceneOpening":5.9410845}
##utp:{"type":"EditorInfo","version":2,"phase":"Immediate","time":1787848884406,"processId":4560,"editorVersion":"6000.5.6f1 (0e0577a1a2ac)","branch":"6000.5/staging","buildType":"Release","platform":"Windows"}
Asset Pipeline Refresh (id=347c6b0761715314e886f74c4279ef13): Total: 0.165 seconds - Initiated by RefreshV2(AllowForceSynchronousImport)
Start Indexing on Editor startup
[Indexing] Starting Initial Indexing for Assets
Android Extension - Scanning For ADB Devices 2460 ms
Created GICache directory at C:/Users/bhask/AppData/LocalLow/Unity/Caches/GiCache. Took: 0.031s, timestamps: [22.821 - 22.852]
[Licensing::Client] Successfully resolved entitlement details
[Licensing::Client] Successfully resolved entitlement details
[Licensing::Client] Successfully resolved entitlement details
Android Extension - Scanning For ADB Devices 261 ms
[Licensing::Client] Successfully updated the access token
[Licensing::Module] Successfully updated access token: "qkbwdH65"... (expires: 2026-08-27T18:32:01Z)
Starting new worker id: 1 with log in C:/Users/bhask/OneDrive/Desktop/My project/Logs/AssetImportWorkerHW1.log
Request Asset Garbage Collect because used heap size increased from 455.3 MB to 0.70 GB, exceeding the threshold of 256.0 MB.
Unloading 55 Unused Serialized files (Serialized files now loaded: 0)
Unloading 57 unused Assets / (6.4 MB). Loaded Objects now: 10634.
Memory consumption went from 0.70 GB to 0.69 GB.
Total: 34.433500 ms (FindLiveObjects: 1.802900 ms CreateObjectMapping: 2.357300 ms MarkObjects: 25.713200 ms  DeleteObjects: 4.556900 ms)

Attempted to call .Dispose on an already disposed CancellationTokenSource
[Worker0] Imported GUID: e98c7b5baa2e450408e13079209a32b6 - Path: Assets/asset collection/Materials/akai_diffuse.mat - Importer: ScriptedImporter/UnityEditor.QuickSearchModule:UnityEditor.Search:ASIAI0B -> (ImportResultId: 'b96f02371d6b1d605ded60098ca821ba') in 0.3847055 seconds
[Worker0] Imported GUID: 03c22d6f10c3a6e4e826c5f046f17c22 - Path: Assets/asset collection/Materials/Akai_MAT1.mat - Importer: ScriptedImporter/UnityEditor.QuickSearchModule:UnityEditor.Search:ASIAI0B -> (ImportResultId: 'e786450292a2a4ba9e4dcd6fcf95d359') in 0.098147 seconds
[Worker0] Imported GUID: 22c6bea1e6c94574d9353282d02a8a8f - Path: Assets/new game.unity - Importer: ScriptedImporter/UnityEditor.QuickSearchModule:UnityEditor.Search:ASIAI0B -> (ImportResultId: '7534f2d057db2add6c213fa86c42d571') in 0.0966993 seconds
Android Extension - Scanning For ADB Devices 408 ms
Android Extension - Scanning For ADB Devices 536 ms
UPID Received 'cf3112d2-4fd6-4df1-9718-522b8db397ae'.
Worker ready: AssetImportWorkerHW1 1
[Licensing::Client] Successfully resolved entitlement details
Asset Pipeline Refresh (id=c26dff9537ab77845a2f7734aa5b84bc): Total: 0.042 seconds - Initiated by RefreshV2(AllowForceSynchronousImport)
Asset Pipeline Refresh (id=98f2d223ed15aef4d89bef1d0d57db5f): Total: 0.005 seconds - Initiated by RefreshV2(AllowForceSynchronousImport)
Reloading assemblies for play mode.
Reloading assemblies after forced synchronous recompile.
Attempted to call .Dispose on an already disposed CancellationTokenSource
Begin MonoManager ReloadAssembly
Refreshing native plugins compatible for Editor in 6.26 ms, found 4 plugins.
Native extension for Android target not found
Native extension for WindowsStandalone target not found
Native extension for WebGL target not found
ScheduleIndexationOnStartup MainProcess:True IndexOnStartup:True
[MODES] ModeService[none].Initialize
[MODES] ModeService[none].LoadModes
Mono: successfully reloaded assembly
- Finished resetting the current domain, in  2.173 seconds
Domain Reload Profiling: 4009ms
	BeginReloadAssembly (1282ms)
		DisableScriptedObjects (225ms)
		CreateAndSetChildDomain (721ms)
	RebuildCommonClasses (10ms)
	RebuildNativeTypeToScriptingClass (17ms)
	initialDomainReloadingComplete (133ms)
	LoadAllAssembliesAndSetupDomain (394ms)
		LoadAssemblies (415ms)
		AnalyzeDomain (50ms)
			TypeCache.Refresh (10ms)
			ResolveRequiredComponents (29ms)
	FinalizeReload (2174ms)
		SetupLoadedEditorAssemblies (0ms)
			InitializePlatformSupportModulesInManaged (18ms)
			BeforeProcessingInitializeOnLoad (102ms)
			ProcessInitializeOnLoadAttributes (470ms)
			ProcessInitializeOnLoadMethodAttributes (188ms)
			AfterProcessingInitializeOnLoad (5ms)
		AwakeInstancesAfterBackupRestoration (725ms)
No restricted APIs configured; Validation skipped.
Checking 23 assemblies for restricted APIs found 0 usage(s) in 6 ms
Refreshing native plugins compatible for Editor in 2.96 ms, found 4 plugins.

Asset Pipeline Refresh (id=b9a908a0c47f19e4b851232d43c277e4): Total: 6.795 seconds - Initiated by StopAssetImportingV2(ForceSynchronousImport | ForceDomainReload)
	(Values over 0.05ms)
	Summary:
		Imports: total=0 (actual=0, local cache=0, cache server=0)
		Asset DB Process Time: managed=0 ms, native=2718 ms
		Asset DB Callback time: managed=1292 ms, native=621 ms
		Scripting: domain reloads=1, domain reload time=2161 ms, compile time=2 ms, other=0 ms
		Project Asset Count: scripts=1496, non-scripts=2925
		Asset File Changes: new=0, changed=0, moved=0, deleted=0
		Scan Filter Count: 0
	InvokePackagesCallback: 3.515ms
	ApplyChangesToAssetFolders: 0.584ms
	Collect global state as custom dependencies: 9.043ms
	ProcessAssetsWithTransientArtifactChanges: 287.331ms
	CategorizeAssets: 86.415ms
	CompileScripts: 2.023ms
	ImportOutOfDateAssets: 2256.066ms (2203.833ms without children)
		CollectScriptTypesHashes: 3.384ms
		ReloadNativeAssets: 2.773ms
		UnloadImportedAssets: 1.984ms
		EnsureUptoDateAssetsAreRegisteredWithGuidPM: 0.882ms
		ImportSchedulerStart: 46.561ms
	PostProcessAllAssets: 1890.704ms
		PostProcessCallbackCreateDeferredMaterials 117.593ms
		AssemblyValidation.PostprocessAllAssets 50.901ms
		PostprocessAssetsUpdateCachedIcon 22.211ms
		RaytracingShaderImportPostprocess 17.119ms
		SpeedTreeImporter.PostprocessAllAssets 12.114ms
		ComputeShaderImportPostprocess 11.057ms
		ShaderAssetModifiedCallback 10.146ms
		LocalizationDatabase.AssetDatabasePostprocessCallback 5.348ms
		BlockShaderImporter.PostprocessAllAssets 3.497ms
		XRBuildSystem.XRAssetImported 0.568ms
		MonoPostProcessAllAssets: 1286.567ms
			SyncVS.PostprocessSyncProject 440.423ms
			ShaderGraphAssetPostProcessor.OnPostprocessAllAssets 266.760ms
			AssetPostprocessor.OnPostprocessAllAssets 162.648ms
			PostProcessor.OnPostprocessAllAssets 70.557ms
			MaterialPostprocessor.OnPostprocessAllAssets 59.123ms
			InputActionJsonNameModifierAssetProcessor.OnPostprocessAllAssets 54.474ms
			InputActionAssetPostprocessor.OnPostprocessAllAssets 35.376ms
			AssetChangedListener.OnPostprocessAllAssets 33.455ms
			TextAssetPostProcessor.OnPostprocessAllAssets 26.679ms
			UniversalRenderPipelineGlobalSettingsPostprocessor.OnPostprocessAllAssets 20.376ms
			RenderPipelineGlobalSettingsPostprocessor.OnPostprocessAllAssets 11.086ms
			BuilderAssetPostprocessor.OnPostprocessAllAssets 9.757ms
			SpeedTree9Postprocessor.OnPostprocessAllAssets 6.190ms
			RetainedModeAssetPostprocessor.OnPostprocessAllAssets 4.538ms
			WindowAssetPostprocessingWatcher.OnPostprocessAllAssets 2.839ms
			StyleCatalogPostProcessor.OnPostprocessAllAssets 1.402ms
			ProjectSettingsPostprocessor.OnPostprocessAllAssets 1.309ms
			ReferencedClipsPostProcessor.OnPostprocessAllAssets 0.879ms
			ArtifactBrowserPostProcessor.OnPostprocessAllAssets 0.742ms
			ShaderReflectionAssetPostProcessor.OnPostprocessAllAssets 0.701ms
			AudioMixerPostprocessor.OnPostprocessAllAssets 0.683ms
			UVCSAssetPostprocessor.OnPostprocessAllAssets 0.542ms
			AssetEvents.OnPostprocessAllAssets 0.499ms
			SpeedTreePostProcessor.OnPostprocessAllAssets 0.410ms
			EditModeScopePostprocessor.OnPostprocessAllAssets 0.383ms
			TMPro_TexturePostProcessor.OnPostprocessAllAssets 0.360ms
			SampleDependencyImporterPostProcessor.OnPostprocessAllAssets 0.342ms
			SamplePostprocessor.OnPostprocessAllAssets 0.237ms
			AssetDatabaseCallbacks.OnPostprocessAllAssets 0.201ms
			ScenarioDriftAssetsTracker.OnPostprocessAllAssets 0.196ms
			ConfigAssetsTracker.OnPostprocessAllAssets 0.196ms
			TerrainToolbarOverlayPostProcessor.OnPostprocessAllAssets 0.175ms
			AudioContainerPostProcessor.OnPostprocessAllAssets 0.166ms
			AssetReloadNotifier.OnPostprocessAllAssets 0.155ms
	PostAssetChangesProfiler: 21.038ms
	GatherAllCurrentPrimaryImportResultRevisions: 0.457ms
	UnloadStreamsBegin: 2.830ms
	PersistCurrentRevisions: 0.187ms
	GenerateScriptTypeHashes: 6.490ms
	GenerateScriptTypeSerializationHashes: 10.103ms
	Untracked: 2227.476ms

Loaded scene 'Temp/__Backupscenes/0.backup'
	Deserialize:            86.460 ms
	Integration:            446.753 ms
	Integration of assets:  0.645 ms
	Thread Wait Time:       -0.083 ms
	Total Operation Time:   533.774 ms
There are 2 audio listeners in the scene. Please ensure there is always exactly one audio listener in the scene.
There are 2 audio listeners in the scene. Please ensure there is always exactly one audio listener in the scene.
[Licensing::Client] Successfully resolved entitlement details
[Licensing::Client] Successfully resolved entitlement details
There are 2 audio listeners in the scene. Please ensure there is always exactly one audio listener in the scene.
There are 2 audio listeners in the scene. Please ensure there is always exactly one audio listener in the scene.
Unloading 15 Unused Serialized files (Serialized files now loaded: 0)
Loaded scene 'Temp/__Backupscenes/0.backup'
	Deserialize:            14.127 ms
	Integration:            266.757 ms
	Integration of assets:  0.017 ms
	Thread Wait Time:       0.039 ms
	Total Operation Time:   280.939 ms
Unloading 5963 unused Assets / (2.3 MB). Loaded Objects now: 10605.
Memory consumption went from 0.67 GB to 0.67 GB.
Total: 32.014100 ms (FindLiveObjects: 1.168200 ms CreateObjectMapping: 4.233100 ms MarkObjects: 23.372600 ms  DeleteObjects: 3.237700 ms)

TrimDiskCacheJob: Current cache size 5mb
Reloading assemblies for play mode.
Reloading assemblies after forced synchronous recompile.
[Licensing::Client] Successfully resolved entitlement details
Begin MonoManager ReloadAssembly
Refreshing native plugins compatible for Editor in 2.09 ms, found 4 plugins.
Native extension for Android target not found
Native extension for WindowsStandalone target not found
Native extension for WebGL target not found
ScheduleIndexationOnStartup MainProcess:True IndexOnStartup:True
[MODES] ModeService[none].Initialize
[MODES] ModeService[none].LoadModes
[Licensing::Client] Successfully resolved entitlement details
Mono: successfully reloaded assembly
- Finished resetting the current domain, in  2.246 seconds
Domain Reload Profiling: 3655ms
	BeginReloadAssembly (999ms)
		DisableScriptedObjects (109ms)
		CreateAndSetChildDomain (614ms)
	RebuildCommonClasses (11ms)
	RebuildNativeTypeToScriptingClass (19ms)
	initialDomainReloadingComplete (92ms)
	LoadAllAssembliesAndSetupDomain (287ms)
		LoadAssemblies (240ms)
		AnalyzeDomain (47ms)
			TypeCache.Refresh (10ms)
			ResolveRequiredComponents (31ms)
	FinalizeReload (2247ms)
		SetupLoadedEditorAssemblies (0ms)
			InitializePlatformSupportModulesInManaged (22ms)
			BeforeProcessingInitializeOnLoad (117ms)
			ProcessInitializeOnLoadAttributes (471ms)
			ProcessInitializeOnLoadMethodAttributes (181ms)
			AfterProcessingInitializeOnLoad (5ms)
		AwakeInstancesAfterBackupRestoration (809ms)

Asset Pipeline Refresh (id=411f9a88ed57b8f48af86d8d8c6140f4): Total: 4.244 seconds - Initiated by StopAssetImportingV2(ForceSynchronousImport | ForceDomainReload)
	(Values over 0.05ms)
	Summary:
		Imports: total=0 (actual=0, local cache=0, cache server=0)
		Asset DB Process Time: managed=0 ms, native=2506 ms
		Asset DB Callback time: managed=37 ms, native=0 ms
		Scripting: domain reloads=1, domain reload time=1698 ms, compile time=1 ms, other=0 ms
		Project Asset Count: scripts=1496, non-scripts=2925
		Asset File Changes: new=0, changed=0, moved=0, deleted=0
		Scan Filter Count: 0
	InvokePackagesCallback: 2.536ms
	ApplyChangesToAssetFolders: 0.773ms
	Collect global state as custom dependencies: 4.248ms
	ProcessAssetsWithTransientArtifactChanges: 2.235ms
	CategorizeAssets: 74.287ms
	CompileScripts: 1.403ms
	ImportOutOfDateAssets: 2315.567ms (2269.237ms without children)
		CollectScriptTypesHashes: 0.955ms
		ReloadNativeAssets: 2.022ms
		UnloadImportedAssets: 0.276ms
		EnsureUptoDateAssetsAreRegisteredWithGuidPM: 1.102ms
		ImportSchedulerStart: 42.901ms
	PostProcessAllAssets: 37.296ms
		MonoPostProcessAllAssets: 37.289ms
			ShaderGraphAssetPostProcessor.OnPostprocessAllAssets 266.760ms
			AssetPostprocessor.OnPostprocessAllAssets 162.648ms
			PostProcessor.OnPostprocessAllAssets 70.557ms
			MaterialPostprocessor.OnPostprocessAllAssets 59.123ms
			InputActionJsonNameModifierAssetProcessor.OnPostprocessAllAssets 54.474ms
			AssetChangedListener.OnPostprocessAllAssets 33.455ms
			TextAssetPostProcessor.OnPostprocessAllAssets 26.679ms
			UniversalRenderPipelineGlobalSettingsPostprocessor.OnPostprocessAllAssets 12.825ms
			BuilderAssetPostprocessor.OnPostprocessAllAssets 9.757ms
			RetainedModeAssetPostprocessor.OnPostprocessAllAssets 4.538ms
			SyncVS.PostprocessSyncProject 3.763ms
			WindowAssetPostprocessingWatcher.OnPostprocessAllAssets 2.578ms
			SpeedTree9Postprocessor.OnPostprocessAllAssets 2.421ms
			StyleCatalogPostProcessor.OnPostprocessAllAssets 1.402ms
			RenderPipelineGlobalSettingsPostprocessor.OnPostprocessAllAssets 0.964ms
			ProjectSettingsPostprocessor.OnPostprocessAllAssets 0.901ms
			ArtifactBrowserPostProcessor.OnPostprocessAllAssets 0.742ms
			AudioMixerPostprocessor.OnPostprocessAllAssets 0.683ms
			UVCSAssetPostprocessor.OnPostprocessAllAssets 0.542ms
			ShaderReflectionAssetPostProcessor.OnPostprocessAllAssets 0.525ms
			AssetEvents.OnPostprocessAllAssets 0.499ms
			SpeedTreePostProcessor.OnPostprocessAllAssets 0.410ms
			InputActionAssetPostprocessor.OnPostprocessAllAssets 0.368ms
			TMPro_TexturePostProcessor.OnPostprocessAllAssets 0.360ms
			EditModeScopePostprocessor.OnPostprocessAllAssets 0.348ms
			SampleDependencyImporterPostProcessor.OnPostprocessAllAssets 0.342ms
			ReferencedClipsPostProcessor.OnPostprocessAllAssets 0.319ms
			SamplePostprocessor.OnPostprocessAllAssets 0.237ms
			ScenarioDriftAssetsTracker.OnPostprocessAllAssets 0.196ms
			ConfigAssetsTracker.OnPostprocessAllAssets 0.196ms
			TerrainToolbarOverlayPostProcessor.OnPostprocessAllAssets 0.188ms
			AssetDatabaseCallbacks.OnPostprocessAllAssets 0.185ms
			AudioContainerPostProcessor.OnPostprocessAllAssets 0.166ms
			AssetReloadNotifier.OnPostprocessAllAssets 0.155ms
	GatherAllCurrentPrimaryImportResultRevisions: 0.294ms
	UnloadStreamsBegin: 2.307ms
	PersistCurrentRevisions: 0.148ms
	GenerateScriptTypeHashes: 4.051ms
	GenerateScriptTypeSerializationHashes: 6.598ms
	Untracked: 1793.068ms

Loaded scene 'Temp/__Backupscenes/0.backup'
	Deserialize:            15.504 ms
	Integration:            368.274 ms
	Integration of assets:  0.022 ms
	Thread Wait Time:       0.085 ms
	Total Operation Time:   383.884 ms
There are 2 audio listeners in the scene. Please ensure there is always exactly one audio listener in the scene.
There are 2 audio listeners in the scene. Please ensure there is always exactly one audio listener in the scene.
[Licensing::Client] Successfully resolved entitlement details
[Licensing::Client] Successfully resolved entitlement details
There are 2 audio listeners in the scene. Please ensure there is always exactly one audio listener in the scene.
There are 2 audio listeners in the scene. Please ensure there is always exactly one audio listener in the scene.
There are 2 audio listeners in the scene. Please ensure there is always exactly one audio listener in the scene.
There are 2 audio listeners in the scene. Please ensure there is always exactly one audio listener in the scene.
There are 2 audio listeners in the scene. Please ensure there is always exactly one audio listener in the scene.
There are 2 audio listeners in the scene. Please ensure there is always exactly one audio listener in the scene.
There are 2 audio listeners in the scene. Please ensure there is always exactly one audio listener in the scene.
There are 2 audio listeners in the scene. Please ensure there is always exactly one audio listener in the scene.
There are 2 audio listeners in the scene. Please ensure there is always exactly one audio listener in the scene.
There are 2 audio listeners in the scene. Please ensure there is always exactly one audio listener in the scene.
There are 2 audio listeners in the scene. Please ensure there is always exactly one audio listener in the scene.
There are 2 audio listeners in the scene. Please ensure there is always exactly one audio listener in the scene.
There are 2 audio listeners in the scene. Please ensure there is always exactly one audio listener in the scene.
There are 2 audio listeners in the scene. Please ensure there is always exactly one audio listener in the scene.
There are 2 audio listeners in the scene. Please ensure there is always exactly one audio listener in the scene.
There are 2 audio listeners in the scene. Please ensure there is always exactly one audio listener in the scene.
There are 2 audio listeners in the scene. Please ensure there is always exactly one audio listener in the scene.
There are 2 audio listeners in the scene. Please ensure there is always exactly one audio listener in the scene.
There are 2 audio listeners in the scene. Please ensure there is always exactly one audio listener in the scene.
There are 2 audio listeners in the scene. Please ensure there is always exactly one audio listener in the scene.
There are 2 audio listeners in the scene. Please ensure there is always exactly one audio listener in the scene.
There are 2 audio listeners in the scene. Please ensure there is always exactly one audio listener in the scene.
There are 2 audio listeners in the scene. Please ensure there is always exactly one audio listener in the scene.
There are 2 audio listeners in the scene. Please ensure there is always exactly one audio listener in the scene.
There are 2 audio listeners in the scene. Please ensure there is always exactly one audio listener in the scene.
There are 2 audio listeners in the scene. Please ensure there is always exactly one audio listener in the scene.
There are 2 audio listeners in the scene. Please ensure there is always exactly one audio listener in the scene.
There are 2 audio listeners in the scene. Please ensure there is always exactly one audio listener in the scene.
There are 2 audio listeners in the scene. Please ensure there is always exactly one audio listener in the scene.
There are 2 audio listeners in the scene. Please ensure there is always exactly one audio listener in the scene.
There are 2 audio listeners in the scene. Please ensure there is always exactly one audio listener in the scene.
There are 2 audio listeners in the scene. Please ensure there is always exactly one audio listener in the scene.
There are 2 audio listeners in the scene. Please ensure there is always exactly one audio listener in the scene.
There are 2 audio listeners in the scene. Please ensure there is always exactly one audio listener in the scene.
There are 2 audio listeners in the scene. Please ensure there is always exactly one audio listener in the scene.
There are 2 audio listeners in the scene. Please ensure there is always exactly one audio listener in the scene.
There are 2 audio listeners in the scene. Please ensure there is always exactly one audio listener in the scene.
There are 2 audio listeners in the scene. Please ensure there is always exactly one audio listener in the scene.
There are 2 audio listeners in the scene. Please ensure there is always exactly one audio listener in the scene.
There are 2 audio listeners in the scene. Please ensure there is always exactly one audio listener in the scene.
There are 2 audio listeners in the scene. Please ensure there is always exactly one audio listener in the scene.
There are 2 audio listeners in the scene. Please ensure there is always exactly one audio listener in the scene.
There are 2 audio listeners in the scene. Please ensure there is always exactly one audio listener in the scene.
There are 2 audio listeners in the scene. Please ensure there is always exactly one audio listener in the scene.
There are 2 audio listeners in the scene. Please ensure there is always exactly one audio listener in the scene.
There are 2 audio listeners in the scene. Please ensure there is always exactly one audio listener in the scene.
There are 2 audio listeners in the scene. Please ensure there is always exactly one audio listener in the scene.
There are 2 audio listeners in the scene. Please ensure there is always exactly one audio listener in the scene.
There are 2 audio listeners in the scene. Please ensure there is always exactly one audio listener in the scene.
There are 2 audio listeners in the scene. Please ensure there is always exactly one audio listener in the scene.
There are 2 audio listeners in the scene. Please ensure there is always exactly one audio listener in the scene.
There are 2 audio listeners in the scene. Please ensure there is always exactly one audio listener in the scene.
There are 2 audio listeners in the scene. Please ensure there is always exactly one audio listener in the scene.
There are 2 audio listeners in the scene. Please ensure there is always exactly one audio listener in the scene.
There are 2 audio listeners in the scene. Please ensure there is always exactly one audio listener in the scene.
There are 2 audio listeners in the scene. Please ensure there is always exactly one audio listener in the scene.
There are 2 audio listeners in the scene. Please ensure there is always exactly one audio listener in the scene.
There are 2 audio listeners in the scene. Please ensure there is always exactly one audio listener in the scene.
There are 2 audio listeners in the scene. Please ensure there is always exactly one audio listener in the scene.
There are 2 audio listeners in the scene. Please ensure there is always exactly one audio listener in the scene.
There are 2 audio listeners in the scene. Please ensure there is always exactly one audio listener in the scene.
There are 2 audio listeners in the scene. Please ensure there is always exactly one audio listener in the scene.
There are 2 audio listeners in the scene. Please ensure there is always exactly one audio listener in the scene.
There are 2 audio listeners in the scene. Please ensure there is always exactly one audio listener in the scene.
There are 2 audio listeners in the scene. Please ensure there is always exactly one audio listener in the scene.
There are 2 audio listeners in the scene. Please ensure there is always exactly one audio listener in the scene.
There are 2 audio listeners in the scene. Please ensure there is always exactly one audio listener in the scene.
There are 2 audio listeners in the scene. Please ensure there is always exactly one audio listener in the scene.
There are 2 audio listeners in the scene. Please ensure there is always exactly one audio listener in the scene.
There are 2 audio listeners in the scene. Please ensure there is always exactly one audio listener in the scene.
There are 2 audio listeners in the scene. Please ensure there is always exactly one audio listener in the scene.
There are 2 audio listeners in the scene. Please ensure there is always exactly one audio listener in the scene.
There are 2 audio listeners in the scene. Please ensure there is always exactly one audio listener in the scene.
There are 2 audio listeners in the scene. Please ensure there is always exactly one audio listener in the scene.
There are 2 audio listeners in the scene. Please ensure there is always exactly one audio listener in the scene.
There are 2 audio listeners in the scene. Please ensure there is always exactly one audio listener in the scene.
There are 2 audio listeners in the scene. Please ensure there is always exactly one audio listener in the scene.
There are 2 audio listeners in the scene. Please ensure there is always exactly one audio listener in the scene.
There are 2 audio listeners in the scene. Please ensure there is always exactly one audio listener in the scene.
There are 2 audio listeners in the scene. Please ensure there is always exactly one audio listener in the scene.
There are 2 audio listeners in the scene. Please ensure there is always exactly one audio listener in the scene.
There are 2 audio listeners in the scene. Please ensure there is always exactly one audio listener in the scene.
There are 2 audio listeners in the scene. Please ensure there is always exactly one audio listener in the scene.
There are 2 audio listeners in the scene. Please ensure there is always exactly one audio listener in the scene.
There are 2 audio listeners in the scene. Please ensure there is always exactly one audio listener in the scene.
There are 2 audio listeners in the scene. Please ensure there is always exactly one audio listener in the scene.
There are 2 audio listeners in the scene. Please ensure there is always exactly one audio listener in the scene.
There are 2 audio listeners in the scene. Please ensure there is always exactly one audio listener in the scene.
There are 2 audio listeners in the scene. Please ensure there is always exactly one audio listener in the scene.
There are 2 audio listeners in the scene. Please ensure there is always exactly one audio listener in the scene.
There are 2 audio listeners in the scene. Please ensure there is always exactly one audio listener in the scene.
There are 2 audio listeners in the scene. Please ensure there is always exactly one audio listener in the scene.
There are 2 audio listeners in the scene. Please ensure there is always exactly one audio listener in the scene.
There are 2 audio listeners in the scene. Please ensure there is always exactly one audio listener in the scene.
There are 2 audio listeners in the scene. Please ensure there is always exactly one audio listener in the scene.
There are 2 audio listeners in the scene. Please ensure there is always exactly one audio listener in the scene.
There are 2 audio listeners in the scene. Please ensure there is always exactly one audio listener in the scene.
There are 2 audio listeners in the scene. Please ensure there is always exactly one audio listener in the scene.
There are 2 audio listeners in the scene. Please ensure there is always exactly one audio listener in the scene.
There are 2 audio listeners in the scene. Please ensure there is always exactly one audio listener in the scene.
There are 2 audio listeners in the scene. Please ensure there is always exactly one audio listener in the scene.
There are 2 audio listeners in the scene. Please ensure there is always exactly one audio listener in the scene.
There are 2 audio listeners in the scene. Please ensure there is always exactly one audio listener in the scene.
There are 2 audio listeners in the scene. Please ensure there is always exactly one audio listener in the scene.
There are 2 audio listeners in the scene. Please ensure there is always exactly one audio listener in the scene.
There are 2 audio listeners in the scene. Please ensure there is always exactly one audio listener in the scene.
There are 2 audio listeners in the scene. Please ensure there is always exactly one audio listener in the scene.
There are 2 audio listeners in the scene. Please ensure there is always exactly one audio listener in the scene.
There are 2 audio listeners in the scene. Please ensure there is always exactly one audio listener in the scene.
There are 2 audio listeners in the scene. Please ensure there is always exactly one audio listener in the scene.
There are 2 audio listeners in the scene. Please ensure there is always exactly one audio listener in the scene.
There are 2 audio listeners in the scene. Please ensure there is always exactly one audio listener in the scene.
There are 2 audio listeners in the scene. Please ensure there is always exactly one audio listener in the scene.
There are 2 audio listeners in the scene. Please ensure there is always exactly one audio listener in the scene.
There are 2 audio listeners in the scene. Please ensure there is always exactly one audio listener in the scene.
There are 2 audio listeners in the scene. Please ensure there is always exactly one audio listener in the scene.
There are 2 audio listeners in the scene. Please ensure there is always exactly one audio listener in the scene.
There are 2 audio listeners in the scene. Please ensure there is always exactly one audio listener in the scene.
There are 2 audio listeners in the scene. Please ensure there is always exactly one audio listener in the scene.
There are 2 audio listeners in the scene. Please ensure there is always exactly one audio listener in the scene.
There are 2 audio listeners in the scene. Please ensure there is always exactly one audio listener in the scene.
There are 2 audio listeners in the scene. Please ensure there is always exactly one audio listener in the scene.
There are 2 audio listeners in the scene. Please ensure there is always exactly one audio listener in the scene.
There are 2 audio listeners in the scene. Please ensure there is always exactly one audio listener in the scene.
There are 2 audio listeners in the scene. Please ensure there is always exactly one audio listener in the scene.
There are 2 audio listeners in the scene. Please ensure there is always exactly one audio listener in the scene.
There are 2 audio listeners in the scene. Please ensure there is always exactly one audio listener in the scene.
There are 2 audio listeners in the scene. Please ensure there is always exactly one audio listener in the scene.
There are 2 audio listeners in the scene. Please ensure there is always exactly one audio listener in the scene.
There are 2 audio listeners in the scene. Please ensure there is always exactly one audio listener in the scene.
There are 2 audio listeners in the scene. Please ensure there is always exactly one audio listener in the scene.
There are 2 audio listeners in the scene. Please ensure there is always exactly one audio listener in the scene.
There are 2 audio listeners in the scene. Please ensure there is always exactly one audio listener in the scene.
There are 2 audio listeners in the scene. Please ensure there is always exactly one audio listener in the scene.
There are 2 audio listeners in the scene. Please ensure there is always exactly one audio listener in the scene.
There are 2 audio listeners in the scene. Please ensure there is always exactly one audio listener in the scene.
There are 2 audio listeners in the scene. Please ensure there is always exactly one audio listener in the scene.
There are 2 audio listeners in the scene. Please ensure there is always exactly one audio listener in the scene.
There are 2 audio listeners in the scene. Please ensure there is always exactly one audio listener in the scene.
There are 2 audio listeners in the scene. Please ensure there is always exactly one audio listener in the scene.
There are 2 audio listeners in the scene. Please ensure there is always exactly one audio listener in the scene.
There are 2 audio listeners in the scene. Please ensure there is always exactly one audio listener in the scene.
There are 2 audio listeners in the scene. Please ensure there is always exactly one audio listener in the scene.
There are 2 audio listeners in the scene. Please ensure there is always exactly one audio listener in the scene.
There are 2 audio listeners in the scene. Please ensure there is always exactly one audio listener in the scene.
There are 2 audio listeners in the scene. Please ensure there is always exactly one audio listener in the scene.
There are 2 audio listeners in the scene. Please ensure there is always exactly one audio listener in the scene.
There are 2 audio listeners in the scene. Please ensure there is always exactly one audio listener in the scene.
There are 2 audio listeners in the scene. Please ensure there is always exactly one audio listener in the scene.
There are 2 audio listeners in the scene. Please ensure there is always exactly one audio listener in the scene.
There are 2 audio listeners in the scene. Please ensure there is always exactly one audio listener in the scene.
There are 2 audio listeners in the scene. Please ensure there is always exactly one audio listener in the scene.
There are 2 audio listeners in the scene. Please ensure there is always exactly one audio listener in the scene.
There are 2 audio listeners in the scene. Please ensure there is always exactly one audio listener in the scene.
There are 2 audio listeners in the scene. Please ensure there is always exactly one audio listener in the scene.
There are 2 audio listeners in the scene. Please ensure there is always exactly one audio listener in the scene.
There are 2 audio listeners in the scene. Please ensure there is always exactly one audio listener in the scene.
There are 2 audio listeners in the scene. Please ensure there is always exactly one audio listener in the scene.
There are 2 audio listeners in the scene. Please ensure there is always exactly one audio listener in the scene.
There are 2 audio listeners in the scene. Please ensure there is always exactly one audio listener in the scene.
There are 2 audio listeners in the scene. Please ensure there is always exactly one audio listener in the scene.
There are 2 audio listeners in the scene. Please ensure there is always exactly one audio listener in the scene.
There are 2 audio listeners in the scene. Please ensure there is always exactly one audio listener in the scene.
There are 2 audio listeners in the scene. Please ensure there is always exactly one audio listener in the scene.
There are 2 audio listeners in the scene. Please ensure there is always exactly one audio listener in the scene.
There are 2 audio listeners in the scene. Please ensure there is always exactly one audio listener in the scene.
There are 2 audio listeners in the scene. Please ensure there is always exactly one audio listener in the scene.
There are 2 audio listeners in the scene. Please ensure there is always exactly one audio listener in the scene.
There are 2 audio listeners in the scene. Please ensure there is always exactly one audio listener in the scene.
There are 2 audio listeners in the scene. Please ensure there is always exactly one audio listener in the scene.
There are 2 audio listeners in the scene. Please ensure there is always exactly one audio listener in the scene.
There are 2 audio listeners in the scene. Please ensure there is always exactly one audio listener in the scene.
There are 2 audio listeners in the scene. Please ensure there is always exactly one audio listener in the scene.
There are 2 audio listeners in the scene. Please ensure there is always exactly one audio listener in the scene.
There are 2 audio listeners in the scene. Please ensure there is always exactly one audio listener in the scene.
There are 2 audio listeners in the scene. Please ensure there is always exactly one audio listener in the scene.
There are 2 audio listeners in the scene. Please ensure there is always exactly one audio listener in the scene.
There are 2 audio listeners in the scene. Please ensure there is always exactly one audio listener in the scene.
There are 2 audio listeners in the scene. Please ensure there is always exactly one audio listener in the scene.
There are 2 audio listeners in the scene. Please ensure there is always exactly one audio listener in the scene.
There are 2 audio listeners in the scene. Please ensure there is always exactly one audio listener in the scene.
There are 2 audio listeners in the scene. Please ensure there is always exactly one audio listener in the scene.
There are 2 audio listeners in the scene. Please ensure there is always exactly one audio listener in the scene.
There are 2 audio listeners in the scene. Please ensure there is always exactly one audio listener in the scene.
There are 2 audio listeners in the scene. Please ensure there is always exactly one audio listener in the scene.
There are 2 audio listeners in the scene. Please ensure there is always exactly one audio listener in the scene.
There are 2 audio listeners in the scene. Please ensure there is always exactly one audio listener in the scene.
There are 2 audio listeners in the scene. Please ensure there is always exactly one audio listener in the scene.
There are 2 audio listeners in the scene. Please ensure there is always exactly one audio listener in the scene.
There are 2 audio listeners in the scene. Please ensure there is always exactly one audio listener in the scene.
There are 2 audio listeners in the scene. Please ensure there is always exactly one audio listener in the scene.
There are 2 audio listeners in the scene. Please ensure there is always exactly one audio listener in the scene.
There are 2 audio listeners in the scene. Please ensure there is always exactly one audio listener in the scene.
There are 2 audio listeners in the scene. Please ensure there is always exactly one audio listener in the scene.
There are 2 audio listeners in the scene. Please ensure there is always exactly one audio listener in the scene.
There are 2 audio listeners in the scene. Please ensure there is always exactly one audio listener in the scene.
There are 2 audio listeners in the scene. Please ensure there is always exactly one audio listener in the scene.
There are 2 audio listeners in the scene. Please ensure there is always exactly one audio listener in the scene.
There are 2 audio listeners in the scene. Please ensure there is always exactly one audio listener in the scene.
There are 2 audio listeners in the scene. Please ensure there is always exactly one audio listener in the scene.
There are 2 audio listeners in the scene. Please ensure there is always exactly one audio listener in the scene.
There are 2 audio listeners in the scene. Please ensure there is always exactly one audio listener in the scene.
There are 2 audio listeners in the scene. Please ensure there is always exactly one audio listener in the scene.
There are 2 audio listeners in the scene. Please ensure there is always exactly one audio listener in the scene.
There are 2 audio listeners in the scene. Please ensure there is always exactly one audio listener in the scene.
There are 2 audio listeners in the scene. Please ensure there is always exactly one audio listener in the scene.
There are 2 audio listeners in the scene. Please ensure there is always exactly one audio listener in the scene.
There are 2 audio listeners in the scene. Please ensure there is always exactly one audio listener in the scene.
There are 2 audio listeners in the scene. Please ensure there is always exactly one audio listener in the scene.
There are 2 audio listeners in the scene. Please ensure there is always exactly one audio listener in the scene.
There are 2 audio listeners in the scene. Please ensure there is always exactly one audio listener in the scene.
There are 2 audio listeners in the scene. Please ensure there is always exactly one audio listener in the scene.
There are 2 audio listeners in the scene. Please ensure there is always exactly one audio listener in the scene.
There are 2 audio listeners in the scene. Please ensure there is always exactly one audio listener in the scene.
There are 2 audio listeners in the scene. Please ensure there is always exactly one audio listener in the scene.
There are 2 audio listeners in the scene. Please ensure there is always exactly one audio listener in the scene.
There are 2 audio listeners in the scene. Please ensure there is always exactly one audio listener in the scene.
There are 2 audio listeners in the scene. Please ensure there is always exactly one audio listener in the scene.
There are 2 audio listeners in the scene. Please ensure there is always exactly one audio listener in the scene.
There are 2 audio listeners in the scene. Please ensure there is always exactly one audio listener in the scene.
There are 2 audio listeners in the scene. Please ensure there is always exactly one audio listener in the scene.
There are 2 audio listeners in the scene. Please ensure there is always exactly one audio listener in the scene.
There are 2 audio listeners in the scene. Please ensure there is always exactly one audio listener in the scene.
There are 2 audio listeners in the scene. Please ensure there is always exactly one audio listener in the scene.
There are 2 audio listeners in the scene. Please ensure there is always exactly one audio listener in the scene.
There are 2 audio listeners in the scene. Please ensure there is always exactly one audio listener in the scene.
There are 2 audio listeners in the scene. Please ensure there is always exactly one audio listener in the scene.
There are 2 audio listeners in the scene. Please ensure there is always exactly one audio listener in the scene.
There are 2 audio listeners in the scene. Please ensure there is always exactly one audio listener in the scene.
There are 2 audio listeners in the scene. Please ensure there is always exactly one audio listener in the scene.
There are 2 audio listeners in the scene. Please ensure there is always exactly one audio listener in the scene.
There are 2 audio listeners in the scene. Please ensure there is always exactly one audio listener in the scene.
There are 2 audio listeners in the scene. Please ensure there is always exactly one audio listener in the scene.
There are 2 audio listeners in the scene. Please ensure there is always exactly one audio listener in the scene.
There are 2 audio listeners in the scene. Please ensure there is always exactly one audio listener in the scene.
There are 2 audio listeners in the scene. Please ensure there is always exactly one audio listener in the scene.
There are 2 audio listeners in the scene. Please ensure there is always exactly one audio listener in the scene.
There are 2 audio listeners in the scene. Please ensure there is always exactly one audio listener in the scene.
There are 2 audio listeners in the scene. Please ensure there is always exactly one audio listener in the scene.
There are 2 audio listeners in the scene. Please ensure there is always exactly one audio listener in the scene.
There are 2 audio listeners in the scene. Please ensure there is always exactly one audio listener in the scene.
There are 2 audio listeners in the scene. Please ensure there is always exactly one audio listener in the scene.
There are 2 audio listeners in the scene. Please ensure there is always exactly one audio listener in the scene.
There are 2 audio listeners in the scene. Please ensure there is always exactly one audio listener in the scene.
There are 2 audio listeners in the scene. Please ensure there is always exactly one audio listener in the scene.
There are 2 audio listeners in the scene. Please ensure there is always exactly one audio listener in the scene.
There are 2 audio listeners in the scene. Please ensure there is always exactly one audio listener in the scene.
There are 2 audio listeners in the scene. Please ensure there is always exactly one audio listener in the scene.
There are 2 audio listeners in the scene. Please ensure there is always exactly one audio listener in the scene.
There are 2 audio listeners in the scene. Please ensure there is always exactly one audio listener in the scene.
There are 2 audio listeners in the scene. Please ensure there is always exactly one audio listener in the scene.
There are 2 audio listeners in the scene. Please ensure there is always exactly one audio listener in the scene.
There are 2 audio listeners in the scene. Please ensure there is always exactly one audio listener in the scene.
There are 2 audio listeners in the scene. Please ensure there is always exactly one audio listener in the scene.
There are 2 audio listeners in the scene. Please ensure there is always exactly one audio listener in the scene.
There are 2 audio listeners in the scene. Please ensure there is always exactly one audio listener in the scene.
There are 2 audio listeners in the scene. Please ensure there is always exactly one audio listener in the scene.
There are 2 audio listeners in the scene. Please ensure there is always exactly one audio listener in the scene.
There are 2 audio listeners in the scene. Please ensure there is always exactly one audio listener in the scene.
There are 2 audio listeners in the scene. Please ensure there is always exactly one audio listener in the scene.
There are 2 audio listeners in the scene. Please ensure there is always exactly one audio listener in the scene.
There are 2 audio listeners in the scene. Please ensure there is always exactly one audio listener in the scene.
There are 2 audio listeners in the scene. Please ensure there is always exactly one audio listener in the scene.
There are 2 audio listeners in the scene. Please ensure there is always exactly one audio listener in the scene.
There are 2 audio listeners in the scene. Please ensure there is always exactly one audio listener in the scene.
There are 2 audio listeners in the scene. Please ensure there is always exactly one audio listener in the scene.
There are 2 audio listeners in the scene. Please ensure there is always exactly one audio listener in the scene.
There are 2 audio listeners in the scene. Please ensure there is always exactly one audio listener in the scene.
There are 2 audio listeners in the scene. Please ensure there is always exactly one audio listener in the scene.
There are 2 audio listeners in the scene. Please ensure there is always exactly one audio listener in the scene.
There are 2 audio listeners in the scene. Please ensure there is always exactly one audio listener in the scene.
There are 2 audio listeners in the scene. Please ensure there is always exactly one audio listener in the scene.
There are 2 audio listeners in the scene. Please ensure there is always exactly one audio listener in the scene.
There are 2 audio listeners in the scene. Please ensure there is always exactly one audio listener in the scene.
There are 2 audio listeners in the scene. Please ensure there is always exactly one audio listener in the scene.
There are 2 audio listeners in the scene. Please ensure there is always exactly one audio listener in the scene.
There are 2 audio listeners in the scene. Please ensure there is always exactly one audio listener in the scene.
There are 2 audio listeners in the scene. Please ensure there is always exactly one audio listener in the scene.
There are 2 audio listeners in the scene. Please ensure there is always exactly one audio listener in the scene.
There are 2 audio listeners in the scene. Please ensure there is always exactly one audio listener in the scene.
There are 2 audio listeners in the scene. Please ensure there is always exactly one audio listener in the scene.
There are 2 audio listeners in the scene. Please ensure there is always exactly one audio listener in the scene.
There are 2 audio listeners in the scene. Please ensure there is always exactly one audio listener in the scene.
There are 2 audio listeners in the scene. Please ensure there is always exactly one audio listener in the scene.
There are 2 audio listeners in the scene. Please ensure there is always exactly one audio listener in the scene.
There are 2 audio listeners in the scene. Please ensure there is always exactly one audio listener in the scene.
There are 2 audio listeners in the scene. Please ensure there is always exactly one audio listener in the scene.
There are 2 audio listeners in the scene. Please ensure there is always exactly one audio listener in the scene.
There are 2 audio listeners in the scene. Please ensure there is always exactly one audio listener in the scene.
There are 2 audio listeners in the scene. Please ensure there is always exactly one audio listener in the scene.
There are 2 audio listeners in the scene. Please ensure there is always exactly one audio listener in the scene.
There are 2 audio listeners in the scene. Please ensure there is always exactly one audio listener in the scene.
There are 2 audio listeners in the scene. Please ensure there is always exactly one audio listener in the scene.
There are 2 audio listeners in the scene. Please ensure there is always exactly one audio listener in the scene.
There are 2 audio listeners in the scene. Please ensure there is always exactly one audio listener in the scene.
There are 2 audio listeners in the scene. Please ensure there is always exactly one audio listener in the scene.
There are 2 audio listeners in the scene. Please ensure there is always exactly one audio listener in the scene.
There are 2 audio listeners in the scene. Please ensure there is always exactly one audio listener in the scene.
There are 2 audio listeners in the scene. Please ensure there is always exactly one audio listener in the scene.
There are 2 audio listeners in the scene. Please ensure there is always exactly one audio listener in the scene.
There are 2 audio listeners in the scene. Please ensure there is always exactly one audio listener in the scene.
There are 2 audio listeners in the scene. Please ensure there is always exactly one audio listener in the scene.
There are 2 audio listeners in the scene. Please ensure there is always exactly one audio listener in the scene.
There are 2 audio listeners in the scene. Please ensure there is always exactly one audio listener in the scene.
There are 2 audio listeners in the scene. Please ensure there is always exactly one audio listener in the scene.
There are 2 audio listeners in the scene. Please ensure there is always exactly one audio listener in the scene.
There are 2 audio listeners in the scene. Please ensure there is always exactly one audio listener in the scene.
There are 2 audio listeners in the scene. Please ensure there is always exactly one audio listener in the scene.
There are 2 audio listeners in the scene. Please ensure there is always exactly one audio listener in the scene.
There are 2 audio listeners in the scene. Please ensure there is always exactly one audio listener in the scene.
There are 2 audio listeners in the scene. Please ensure there is always exactly one audio listener in the scene.
There are 2 audio listeners in the scene. Please ensure there is always exactly one audio listener in the scene.
There are 2 audio listeners in the scene. Please ensure there is always exactly one audio listener in the scene.
There are 2 audio listeners in the scene. Please ensure there is always exactly one audio listener in the scene.
There are 2 audio listeners in the scene. Please ensure there is always exactly one audio listener in the scene.
There are 2 audio listeners in the scene. Please ensure there is always exactly one audio listener in the scene.
There are 2 audio listeners in the scene. Please ensure there is always exactly one audio listener in the scene.
There are 2 audio listeners in the scene. Please ensure there is always exactly one audio listener in the scene.
There are 2 audio listeners in the scene. Please ensure there is always exactly one audio listener in the scene.
There are 2 audio listeners in the scene. Please ensure there is always exactly one audio listener in the scene.
There are 2 audio listeners in the scene. Please ensure there is always exactly one audio listener in the scene.
There are 2 audio listeners in the scene. Please ensure there is always exactly one audio listener in the scene.
There are 2 audio listeners in the scene. Please ensure there is always exactly one audio listener in the scene.
There are 2 audio listeners in the scene. Please ensure there is always exactly one audio listener in the scene.
There are 2 audio listeners in the scene. Please ensure there is always exactly one audio listener in the scene.
There are 2 audio listeners in the scene. Please ensure there is always exactly one audio listener in the scene.
There are 2 audio listeners in the scene. Please ensure there is always exactly one audio listener in the scene.
There are 2 audio listeners in the scene. Please ensure there is always exactly one audio listener in the scene.
There are 2 audio listeners in the scene. Please ensure there is always exactly one audio listener in the scene.
There are 2 audio listeners in the scene. Please ensure there is always exactly one audio listener in the scene.
There are 2 audio listeners in the scene. Please ensure there is always exactly one audio listener in the scene.
There are 2 audio listeners in the scene. Please ensure there is always exactly one audio listener in the scene.
There are 2 audio listeners in the scene. Please ensure there is always exactly one audio listener in the scene.
There are 2 audio listeners in the scene. Please ensure there is always exactly one audio listener in the scene.
There are 2 audio listeners in the scene. Please ensure there is always exactly one audio listener in the scene.
There are 2 audio listeners in the scene. Please ensure there is always exactly one audio listener in the scene.
There are 2 audio listeners in the scene. Please ensure there is always exactly one audio listener in the scene.
There are 2 audio listeners in the scene. Please ensure there is always exactly one audio listener in the scene.
There are 2 audio listeners in the scene. Please ensure there is always exactly one audio listener in the scene.
There are 2 audio listeners in the scene. Please ensure there is always exactly one audio listener in the scene.
There are 2 audio listeners in the scene. Please ensure there is always exactly one audio listener in the scene.
There are 2 audio listeners in the scene. Please ensure there is always exactly one audio listener in the scene.
There are 2 audio listeners in the scene. Please ensure there is always exactly one audio listener in the scene.
There are 2 audio listeners in the scene. Please ensure there is always exactly one audio listener in the scene.
There are 2 audio listeners in the scene. Please ensure there is always exactly one audio listener in the scene.
There are 2 audio listeners in the scene. Please ensure there is always exactly one audio listener in the scene.
There are 2 audio listeners in the scene. Please ensure there is always exactly one audio listener in the scene.
There are 2 audio listeners in the scene. Please ensure there is always exactly one audio listener in the scene.
There are 2 audio listeners in the scene. Please ensure there is always exactly one audio listener in the scene.
There are 2 audio listeners in the scene. Please ensure there is always exactly one audio listener in the scene.
There are 2 audio listeners in the scene. Please ensure there is always exactly one audio listener in the scene.
There are 2 audio listeners in the scene. Please ensure there is always exactly one audio listener in the scene.
There are 2 audio listeners in the scene. Please ensure there is always exactly one audio listener in the scene.
There are 2 audio listeners in the scene. Please ensure there is always exactly one audio listener in the scene.
There are 2 audio listeners in the scene. Please ensure there is always exactly one audio listener in the scene.
There are 2 audio listeners in the scene. Please ensure there is always exactly one audio listener in the scene.
There are 2 audio listeners in the scene. Please ensure there is always exactly one audio listener in the scene.
There are 2 audio listeners in the scene. Please ensure there is always exactly one audio listener in the scene.
There are 2 audio listeners in the scene. Please ensure there is always exactly one audio listener in the scene.
There are 2 audio listeners in the scene. Please ensure there is always exactly one audio listener in the scene.
There are 2 audio listeners in the scene. Please ensure there is always exactly one audio listener in the scene.
There are 2 audio listeners in the scene. Please ensure there is always exactly one audio listener in the scene.
There are 2 audio listeners in the scene. Please ensure there is always exactly one audio listener in the scene.
There are 2 audio listeners in the scene. Please ensure there is always exactly one audio listener in the scene.
There are 2 audio listeners in the scene. Please ensure there is always exactly one audio listener in the scene.
There are 2 audio listeners in the scene. Please ensure there is always exactly one audio listener in the scene.
There are 2 audio listeners in the scene. Please ensure there is always exactly one audio listener in the scene.
There are 2 audio listeners in the scene. Please ensure there is always exactly one audio listener in the scene.
There are 2 audio listeners in the scene. Please ensure there is always exactly one audio listener in the scene.
There are 2 audio listeners in the scene. Please ensure there is always exactly one audio listener in the scene.
There are 2 audio listeners in the scene. Please ensure there is always exactly one audio listener in the scene.
There are 2 audio listeners in the scene. Please ensure there is always exactly one audio listener in the scene.
There are 2 audio listeners in the scene. Please ensure there is always exactly one audio listener in the scene.
There are 2 audio listeners in the scene. Please ensure there is always exactly one audio listener in the scene.
There are 2 audio listeners in the scene. Please ensure there is always exactly one audio listener in the scene.
There are 2 audio listeners in the scene. Please ensure there is always exactly one audio listener in the scene.
There are 2 audio listeners in the scene. Please ensure there is always exactly one audio listener in the scene.
There are 2 audio listeners in the scene. Please ensure there is always exactly one audio listener in the scene.
There are 2 audio listeners in the scene. Please ensure there is always exactly one audio listener in the scene.
There are 2 audio listeners in the scene. Please ensure there is always exactly one audio listener in the scene.
There are 2 audio listeners in the scene. Please ensure there is always exactly one audio listener in the scene.
There are 2 audio listeners in the scene. Please ensure there is always exactly one audio listener in the scene.
There are 2 audio listeners in the scene. Please ensure there is always exactly one audio listener in the scene.
There are 2 audio listeners in the scene. Please ensure there is always exactly one audio listener in the scene.
There are 2 audio listeners in the scene. Please ensure there is always exactly one audio listener in the scene.
There are 2 audio listeners in the scene. Please ensure there is always exactly one audio listener in the scene.
There are 2 audio listeners in the scene. Please ensure there is always exactly one audio listener in the scene.
There are 2 audio listeners in the scene. Please ensure there is always exactly one audio listener in the scene.
There are 2 audio listeners in the scene. Please ensure there is always exactly one audio listener in the scene.
There are 2 audio listeners in the scene. Please ensure there is always exactly one audio listener in the scene.
There are 2 audio listeners in the scene. Please ensure there is always exactly one audio listener in the scene.
There are 2 audio listeners in the scene. Please ensure there is always exactly one audio listener in the scene.
There are 2 audio listeners in the scene. Please ensure there is always exactly one audio listener in the scene.
There are 2 audio listeners in the scene. Please ensure there is always exactly one audio listener in the scene.
There are 2 audio listeners in the scene. Please ensure there is always exactly one audio listener in the scene.
There are 2 audio listeners in the scene. Please ensure there is always exactly one audio listener in the scene.
There are 2 audio listeners in the scene. Please ensure there is always exactly one audio listener in the scene.
There are 2 audio listeners in the scene. Please ensure there is always exactly one audio listener in the scene.
There are 2 audio listeners in the scene. Please ensure there is always exactly one audio listener in the scene.
There are 2 audio listeners in the scene. Please ensure there is always exactly one audio listener in the scene.
There are 2 audio listeners in the scene. Please ensure there is always exactly one audio listener in the scene.
There are 2 audio listeners in the scene. Please ensure there is always exactly one audio listener in the scene.
There are 2 audio listeners in the scene. Please ensure there is always exactly one audio listener in the scene.
There are 2 audio listeners in the scene. Please ensure there is always exactly one audio listener in the scene.
There are 2 audio listeners in the scene. Please ensure there is always exactly one audio listener in the scene.
There are 2 audio listeners in the scene. Please ensure there is always exactly one audio listener in the scene.
There are 2 audio listeners in the scene. Please ensure there is always exactly one audio listener in the scene.
There are 2 audio listeners in the scene. Please ensure there is always exactly one audio listener in the scene.
There are 2 audio listeners in the scene. Please ensure there is always exactly one audio listener in the scene.
There are 2 audio listeners in the scene. Please ensure there is always exactly one audio listener in the scene.
There are 2 audio listeners in the scene. Please ensure there is always exactly one audio listener in the scene.
There are 2 audio listeners in the scene. Please ensure there is always exactly one audio listener in the scene.
There are 2 audio listeners in the scene. Please ensure there is always exactly one audio listener in the scene.
There are 2 audio listeners in the scene. Please ensure there is always exactly one audio listener in the scene.
There are 2 audio listeners in the scene. Please ensure there is always exactly one audio listener in the scene.
There are 2 audio listeners in the scene. Please ensure there is always exactly one audio listener in the scene.
There are 2 audio listeners in the scene. Please ensure there is always exactly one audio listener in the scene.
There are 2 audio listeners in the scene. Please ensure there is always exactly one audio listener in the scene.
There are 2 audio listeners in the scene. Please ensure there is always exactly one audio listener in the scene.
There are 2 audio listeners in the scene. Please ensure there is always exactly one audio listener in the scene.
There are 2 audio listeners in the scene. Please ensure there is always exactly one audio listener in the scene.
There are 2 audio listeners in the scene. Please ensure there is always exactly one audio listener in the scene.
There are 2 audio listeners in the scene. Please ensure there is always exactly one audio listener in the scene.
There are 2 audio listeners in the scene. Please ensure there is always exactly one audio listener in the scene.
There are 2 audio listeners in the scene. Please ensure there is always exactly one audio listener in the scene.
There are 2 audio listeners in the scene. Please ensure there is always exactly one audio listener in the scene.
There are 2 audio listeners in the scene. Please ensure there is always exactly one audio listener in the scene.
There are 2 audio listeners in the scene. Please ensure there is always exactly one audio listener in the scene.
There are 2 audio listeners in the scene. Please ensure there is always exactly one audio listener in the scene.
There are 2 audio listeners in the scene. Please ensure there is always exactly one audio listener in the scene.
There are 2 audio listeners in the scene. Please ensure there is always exactly one audio listener in the scene.
There are 2 audio listeners in the scene. Please ensure there is always exactly one audio listener in the scene.
There are 2 audio listeners in the scene. Please ensure there is always exactly one audio listener in the scene.
There are 2 audio listeners in the scene. Please ensure there is always exactly one audio listener in the scene.
There are 2 audio listeners in the scene. Please ensure there is always exactly one audio listener in the scene.
There are 2 audio listeners in the scene. Please ensure there is always exactly one audio listener in the scene.
There are 2 audio listeners in the scene. Please ensure there is always exactly one audio listener in the scene.
There are 2 audio listeners in the scene. Please ensure there is always exactly one audio listener in the scene.
Asset Pipeline Refresh (id=4dd13404f5e3c9f408ab86c69c7ff344): Total: 0.028 seconds - Initiated by RefreshV2(NoUpdateAssetOptions)
Asset Pipeline Refresh (id=42647b1b807382b47b8fd19cce5da1d0): Total: 0.004 seconds - Initiated by RefreshV2(NoUpdateAssetOptions)
There are 2 audio listeners in the scene. Please ensure there is always exactly one audio listener in the scene.
There are 2 audio listeners in the scene. Please ensure there is always exactly one audio listener in the scene.
There are 2 audio listeners in the scene. Please ensure there is always exactly one audio listener in the scene.
There are 2 audio listeners in the scene. Please ensure there is always exactly one audio listener in the scene.
There are 2 audio listeners in the scene. Please ensure there is always exactly one audio listener in the scene.
There are 2 audio listeners in the scene. Please ensure there is always exactly one audio listener in the scene.
There are 2 audio listeners in the scene. Please ensure there is always exactly one audio listener in the scene.
There are 2 audio listeners in the scene. Please ensure there is always exactly one audio listener in the scene.
There are 2 audio listeners in the scene. Please ensure there is always exactly one audio listener in the scene.
There are 2 audio listeners in the scene. Please ensure there is always exactly one audio listener in the scene.
There are 2 audio listeners in the scene. Please ensure there is always exactly one audio listener in the scene.
There are 2 audio listeners in the scene. Please ensure there is always exactly one audio listener in the scene.
There are 2 audio listeners in the scene. Please ensure there is always exactly one audio listener in the scene.
There are 2 audio listeners in the scene. Please ensure there is always exactly one audio listener in the scene.
There are 2 audio listeners in the scene. Please ensure there is always exactly one audio listener in the scene.
There are 2 audio listeners in the scene. Please ensure there is always exactly one audio listener in the scene.
There are 2 audio listeners in the scene. Please ensure there is always exactly one audio listener in the scene.
There are 2 audio listeners in the scene. Please ensure there is always exactly one audio listener in the scene.
There are 2 audio listeners in the scene. Please ensure there is always exactly one audio listener in the scene.
There are 2 audio listeners in the scene. Please ensure there is always exactly one audio listener in the scene.
There are 2 audio listeners in the scene. Please ensure there is always exactly one audio listener in the scene.
There are 2 audio listeners in the scene. Please ensure there is always exactly one audio listener in the scene.
There are 2 audio listeners in the scene. Please ensure there is always exactly one audio listener in the scene.
There are 2 audio listeners in the scene. Please ensure there is always exactly one audio listener in the scene.
There are 2 audio listeners in the scene. Please ensure there is always exactly one audio listener in the scene.
There are 2 audio listeners in the scene. Please ensure there is always exactly one audio listener in the scene.
There are 2 audio listeners in the scene. Please ensure there is always exactly one audio listener in the scene.
There are 2 audio listeners in the scene. Please ensure there is always exactly one audio listener in the scene.
There are 2 audio listeners in the scene. Please ensure there is always exactly one audio listener in the scene.
There are 2 audio listeners in the scene. Please ensure there is always exactly one audio listener in the scene.
There are 2 audio listeners in the scene. Please ensure there is always exactly one audio listener in the scene.
There are 2 audio listeners in the scene. Please ensure there is always exactly one audio listener in the scene.
There are 2 audio listeners in the scene. Please ensure there is always exactly one audio listener in the scene.
There are 2 audio listeners in the scene. Please ensure there is always exactly one audio listener in the scene.
There are 2 audio listeners in the scene. Please ensure there is always exactly one audio listener in the scene.
There are 2 audio listeners in the scene. Please ensure there is always exactly one audio listener in the scene.
There are 2 audio listeners in the scene. Please ensure there is always exactly one audio listener in the scene.
There are 2 audio listeners in the scene. Please ensure there is always exactly one audio listener in the scene.
There are 2 audio listeners in the scene. Please ensure there is always exactly one audio listener in the scene.
There are 2 audio listeners in the scene. Please ensure there is always exactly one audio listener in the scene.
There are 2 audio listeners in the scene. Please ensure there is always exactly one audio listener in the scene.
There are 2 audio listeners in the scene. Please ensure there is always exactly one audio listener in the scene.
There are 2 audio listeners in the scene. Please ensure there is always exactly one audio listener in the scene.
There are 2 audio listeners in the scene. Please ensure there is always exactly one audio listener in the scene.
There are 2 audio listeners in the scene. Please ensure there is always exactly one audio listener in the scene.
There are 2 audio listeners in the scene. Please ensure there is always exactly one audio listener in the scene.
There are 2 audio listeners in the scene. Please ensure there is always exactly one audio listener in the scene.
There are 2 audio listeners in the scene. Please ensure there is always exactly one audio listener in the scene.
There are 2 audio listeners in the scene. Please ensure there is always exactly one audio listener in the scene.
There are 2 audio listeners in the scene. Please ensure there is always exactly one audio listener in the scene.
There are 2 audio listeners in the scene. Please ensure there is always exactly one audio listener in the scene.
There are 2 audio listeners in the scene. Please ensure there is always exactly one audio listener in the scene.
There are 2 audio listeners in the scene. Please ensure there is always exactly one audio listener in the scene.
There are 2 audio listeners in the scene. Please ensure there is always exactly one audio listener in the scene.
There are 2 audio listeners in the scene. Please ensure there is always exactly one audio listener in the scene.
There are 2 audio listeners in the scene. Please ensure there is always exactly one audio listener in the scene.
There are 2 audio listeners in the scene. Please ensure there is always exactly one audio listener in the scene.
There are 2 audio listeners in the scene. Please ensure there is always exactly one audio listener in the scene.
There are 2 audio listeners in the scene. Please ensure there is always exactly one audio listener in the scene.
There are 2 audio listeners in the scene. Please ensure there is always exactly one audio listener in the scene.
There are 2 audio listeners in the scene. Please ensure there is always exactly one audio listener in the scene.
There are 2 audio listeners in the scene. Please ensure there is always exactly one audio listener in the scene.
There are 2 audio listeners in the scene. Please ensure there is always exactly one audio listener in the scene.
There are 2 audio listeners in the scene. Please ensure there is always exactly one audio listener in the scene.
There are 2 audio listeners in the scene. Please ensure there is always exactly one audio listener in the scene.
There are 2 audio listeners in the scene. Please ensure there is always exactly one audio listener in the scene.
There are 2 audio listeners in the scene. Please ensure there is always exactly one audio listener in the scene.
There are 2 audio listeners in the scene. Please ensure there is always exactly one audio listener in the scene.
There are 2 audio listeners in the scene. Please ensure there is always exactly one audio listener in the scene.
There are 2 audio listeners in the scene. Please ensure there is always exactly one audio listener in the scene.
There are 2 audio listeners in the scene. Please ensure there is always exactly one audio listener in the scene.
There are 2 audio listeners in the scene. Please ensure there is always exactly one audio listener in the scene.
There are 2 audio listeners in the scene. Please ensure there is always exactly one audio listener in the scene.
There are 2 audio listeners in the scene. Please ensure there is always exactly one audio listener in the scene.
There are 2 audio listeners in the scene. Please ensure there is always exactly one audio listener in the scene.
There are 2 audio listeners in the scene. Please ensure there is always exactly one audio listener in the scene.
There are 2 audio listeners in the scene. Please ensure there is always exactly one audio listener in the scene.
There are 2 audio listeners in the scene. Please ensure there is always exactly one audio listener in the scene.
There are 2 audio listeners in the scene. Please ensure there is always exactly one audio listener in the scene.
There are 2 audio listeners in the scene. Please ensure there is always exactly one audio listener in the scene.
There are 2 audio listeners in the scene. Please ensure there is always exactly one audio listener in the scene.
There are 2 audio listeners in the scene. Please ensure there is always exactly one audio listener in the scene.
There are 2 audio listeners in the scene. Please ensure there is always exactly one audio listener in the scene.
There are 2 audio listeners in the scene. Please ensure there is always exactly one audio listener in the scene.
There are 2 audio listeners in the scene. Please ensure there is always exactly one audio listener in the scene.
There are 2 audio listeners in the scene. Please ensure there is always exactly one audio listener in the scene.
There are 2 audio listeners in the scene. Please ensure there is always exactly one audio listener in the scene.
There are 2 audio listeners in the scene. Please ensure there is always exactly one audio listener in the scene.
There are 2 audio listeners in the scene. Please ensure there is always exactly one audio listener in the scene.
There are 2 audio listeners in the scene. Please ensure there is always exactly one audio listener in the scene.
There are 2 audio listeners in the scene. Please ensure there is always exactly one audio listener in the scene.
There are 2 audio listeners in the scene. Please ensure there is always exactly one audio listener in the scene.
There are 2 audio listeners in the scene. Please ensure there is always exactly one audio listener in the scene.
There are 2 audio listeners in the scene. Please ensure there is always exactly one audio listener in the scene.
There are 2 audio listeners in the scene. Please ensure there is always exactly one audio listener in the scene.
There are 2 audio listeners in the scene. Please ensure there is always exactly one audio listener in the scene.
There are 2 audio listeners in the scene. Please ensure there is always exactly one audio listener in the scene.
There are 2 audio listeners in the scene. Please ensure there is always exactly one audio listener in the scene.
There are 2 audio listeners in the scene. Please ensure there is always exactly one audio listener in the scene.
There are 2 audio listeners in the scene. Please ensure there is always exactly one audio listener in the scene.
There are 2 audio listeners in the scene. Please ensure there is always exactly one audio listener in the scene.
There are 2 audio listeners in the scene. Please ensure there is always exactly one audio listener in the scene.
There are 2 audio listeners in the scene. Please ensure there is always exactly one audio listener in the scene.
There are 2 audio listeners in the scene. Please ensure there is always exactly one audio listener in the scene.
There are 2 audio listeners in the scene. Please ensure there is always exactly one audio listener in the scene.
There are 2 audio listeners in the scene. Please ensure there is always exactly one audio listener in the scene.
There are 2 audio listeners in the scene. Please ensure there is always exactly one audio listener in the scene.
There are 2 audio listeners in the scene. Please ensure there is always exactly one audio listener in the scene.
There are 2 audio listeners in the scene. Please ensure there is always exactly one audio listener in the scene.
There are 2 audio listeners in the scene. Please ensure there is always exactly one audio listener in the scene.
There are 2 audio listeners in the scene. Please ensure there is always exactly one audio listener in the scene.
There are 2 audio listeners in the scene. Please ensure there is always exactly one audio listener in the scene.
There are 2 audio listeners in the scene. Please ensure there is always exactly one audio listener in the scene.
There are 2 audio listeners in the scene. Please ensure there is always exactly one audio listener in the scene.
There are 2 audio listeners in the scene. Please ensure there is always exactly one audio listener in the scene.
There are 2 audio listeners in the scene. Please ensure there is always exactly one audio listener in the scene.
There are 2 audio listeners in the scene. Please ensure there is always exactly one audio listener in the scene.
There are 2 audio listeners in the scene. Please ensure there is always exactly one audio listener in the scene.
There are 2 audio listeners in the scene. Please ensure there is always exactly one audio listener in the scene.
There are 2 audio listeners in the scene. Please ensure there is always exactly one audio listener in the scene.
There are 2 audio listeners in the scene. Please ensure there is always exactly one audio listener in the scene.
There are 2 audio listeners in the scene. Please ensure there is always exactly one audio listener in the scene.
There are 2 audio listeners in the scene. Please ensure there is always exactly one audio listener in the scene.
There are 2 audio listeners in the scene. Please ensure there is always exactly one audio listener in the scene.
There are 2 audio listeners in the scene. Please ensure there is always exactly one audio listener in the scene.
There are 2 audio listeners in the scene. Please ensure there is always exactly one audio listener in the scene.
There are 2 audio listeners in the scene. Please ensure there is always exactly one audio listener in the scene.
There are 2 audio listeners in the scene. Please ensure there is always exactly one audio listener in the scene.
There are 2 audio listeners in the scene. Please ensure there is always exactly one audio listener in the scene.
There are 2 audio listeners in the scene. Please ensure there is always exactly one audio listener in the scene.
There are 2 audio listeners in the scene. Please ensure there is always exactly one audio listener in the scene.
There are 2 audio listeners in the scene. Please ensure there is always exactly one audio listener in the scene.
There are 2 audio listeners in the scene. Please ensure there is always exactly one audio listener in the scene.
There are 2 audio listeners in the scene. Please ensure there is always exactly one audio listener in the scene.
There are 2 audio listeners in the scene. Please ensure there is always exactly one audio listener in the scene.
There are 2 audio listeners in the scene. Please ensure there is always exactly one audio listener in the scene.
There are 2 audio listeners in the scene. Please ensure there is always exactly one audio listener in the scene.
There are 2 audio listeners in the scene. Please ensure there is always exactly one audio listener in the scene.
There are 2 audio listeners in the scene. Please ensure there is always exactly one audio listener in the scene.
There are 2 audio listeners in the scene. Please ensure there is always exactly one audio listener in the scene.
There are 2 audio listeners in the scene. Please ensure there is always exactly one audio listener in the scene.
There are 2 audio listeners in the scene. Please ensure there is always exactly one audio listener in the scene.
There are 2 audio listeners in the scene. Please ensure there is always exactly one audio listener in the scene.
There are 2 audio listeners in the scene. Please ensure there is always exactly one audio listener in the scene.
There are 2 audio listeners in the scene. Please ensure there is always exactly one audio listener in the scene.
There are 2 audio listeners in the scene. Please ensure there is always exactly one audio listener in the scene.
There are 2 audio listeners in the scene. Please ensure there is always exactly one audio listener in the scene.
There are 2 audio listeners in the scene. Please ensure there is always exactly one audio listener in the scene.
There are 2 audio listeners in the scene. Please ensure there is always exactly one audio listener in the scene.
There are 2 audio listeners in the scene. Please ensure there is always exactly one audio listener in the scene.
There are 2 audio listeners in the scene. Please ensure there is always exactly one audio listener in the scene.
There are 2 audio listeners in the scene. Please ensure there is always exactly one audio listener in the scene.
There are 2 audio listeners in the scene. Please ensure there is always exactly one audio listener in the scene.
There are 2 audio listeners in the scene. Please ensure there is always exactly one audio listener in the scene.
There are 2 audio listeners in the scene. Please ensure there is always exactly one audio listener in the scene.
There are 2 audio listeners in the scene. Please ensure there is always exactly one audio listener in the scene.
There are 2 audio listeners in the scene. Please ensure there is always exactly one audio listener in the scene.
There are 2 audio listeners in the scene. Please ensure there is always exactly one audio listener in the scene.
There are 2 audio listeners in the scene. Please ensure there is always exactly one audio listener in the scene.
There are 2 audio listeners in the scene. Please ensure there is always exactly one audio listener in the scene.
There are 2 audio listeners in the scene. Please ensure there is always exactly one audio listener in the scene.
There are 2 audio listeners in the scene. Please ensure there is always exactly one audio listener in the scene.
There are 2 audio listeners in the scene. Please ensure there is always exactly one audio listener in the scene.
There are 2 audio listeners in the scene. Please ensure there is always exactly one audio listener in the scene.
There are 2 audio listeners in the scene. Please ensure there is always exactly one audio listener in the scene.
There are 2 audio listeners in the scene. Please ensure there is always exactly one audio listener in the scene.
There are 2 audio listeners in the scene. Please ensure there is always exactly one audio listener in the scene.
There are 2 audio listeners in the scene. Please ensure there is always exactly one audio listener in the scene.
There are 2 audio listeners in the scene. Please ensure there is always exactly one audio listener in the scene.
There are 2 audio listeners in the scene. Please ensure there is always exactly one audio listener in the scene.
There are 2 audio listeners in the scene. Please ensure there is always exactly one audio listener in the scene.
There are 2 audio listeners in the scene. Please ensure there is always exactly one audio listener in the scene.
There are 2 audio listeners in the scene. Please ensure there is always exactly one audio listener in the scene.
There are 2 audio listeners in the scene. Please ensure there is always exactly one audio listener in the scene.
There are 2 audio listeners in the scene. Please ensure there is always exactly one audio listener in the scene.
There are 2 audio listeners in the scene. Please ensure there is always exactly one audio listener in the scene.
There are 2 audio listeners in the scene. Please ensure there is always exactly one audio listener in the scene.
There are 2 audio listeners in the scene. Please ensure there is always exactly one audio listener in the scene.
There are 2 audio listeners in the scene. Please ensure there is always exactly one audio listener in the scene.
There are 2 audio listeners in the scene. Please ensure there is always exactly one audio listener in the scene.
There are 2 audio listeners in the scene. Please ensure there is always exactly one audio listener in the scene.
There are 2 audio listeners in the scene. Please ensure there is always exactly one audio listener in the scene.
There are 2 audio listeners in the scene. Please ensure there is always exactly one audio listener in the scene.
There are 2 audio listeners in the scene. Please ensure there is always exactly one audio listener in the scene.
There are 2 audio listeners in the scene. Please ensure there is always exactly one audio listener in the scene.
There are 2 audio listeners in the scene. Please ensure there is always exactly one audio listener in the scene.
There are 2 audio listeners in the scene. Please ensure there is always exactly one audio listener in the scene.
There are 2 audio listeners in the scene. Please ensure there is always exactly one audio listener in the scene.
There are 2 audio listeners in the scene. Please ensure there is always exactly one audio listener in the scene.
There are 2 audio listeners in the scene. Please ensure there is always exactly one audio listener in the scene.
There are 2 audio listeners in the scene. Please ensure there is always exactly one audio listener in the scene.
There are 2 audio listeners in the scene. Please ensure there is always exactly one audio listener in the scene.
There are 2 audio listeners in the scene. Please ensure there is always exactly one audio listener in the scene.
There are 2 audio listeners in the scene. Please ensure there is always exactly one audio listener in the scene.
There are 2 audio listeners in the scene. Please ensure there is always exactly one audio listener in the scene.
There are 2 audio listeners in the scene. Please ensure there is always exactly one audio listener in the scene.
There are 2 audio listeners in the scene. Please ensure there is always exactly one audio listener in the scene.
There are 2 audio listeners in the scene. Please ensure there is always exactly one audio listener in the scene.
There are 2 audio listeners in the scene. Please ensure there is always exactly one audio listener in the scene.
There are 2 audio listeners in the scene. Please ensure there is always exactly one audio listener in the scene.
There are 2 audio listeners in the scene. Please ensure there is always exactly one audio listener in the scene.
There are 2 audio listeners in the scene. Please ensure there is always exactly one audio listener in the scene.
There are 2 audio listeners in the scene. Please ensure there is always exactly one audio listener in the scene.
There are 2 audio listeners in the scene. Please ensure there is always exactly one audio listener in the scene.
There are 2 audio listeners in the scene. Please ensure there is always exactly one audio listener in the scene.
There are 2 audio listeners in the scene. Please ensure there is always exactly one audio listener in the scene.
There are 2 audio listeners in the scene. Please ensure there is always exactly one audio listener in the scene.
There are 2 audio listeners in the scene. Please ensure there is always exactly one audio listener in the scene.
There are 2 audio listeners in the scene. Please ensure there is always exactly one audio listener in the scene.
There are 2 audio listeners in the scene. Please ensure there is always exactly one audio listener in the scene.
There are 2 audio listeners in the scene. Please ensure there is always exactly one audio listener in the scene.
There are 2 audio listeners in the scene. Please ensure there is always exactly one audio listener in the scene.
There are 2 audio listeners in the scene. Please ensure there is always exactly one audio listener in the scene.
There are 2 audio listeners in the scene. Please ensure there is always exactly one audio listener in the scene.
There are 2 audio listeners in the scene. Please ensure there is always exactly one audio listener in the scene.
There are 2 audio listeners in the scene. Please ensure there is always exactly one audio listener in the scene.
There are 2 audio listeners in the scene. Please ensure there is always exactly one audio listener in the scene.
There are 2 audio listeners in the scene. Please ensure there is always exactly one audio listener in the scene.
There are 2 audio listeners in the scene. Please ensure there is always exactly one audio listener in the scene.
There are 2 audio listeners in the scene. Please ensure there is always exactly one audio listener in the scene.
There are 2 audio listeners in the scene. Please ensure there is always exactly one audio listener in the scene.
There are 2 audio listeners in the scene. Please ensure there is always exactly one audio listener in the scene.
There are 2 audio listeners in the scene. Please ensure there is always exactly one audio listener in the scene.
There are 2 audio listeners in the scene. Please ensure there is always exactly one audio listener in the scene.
There are 2 audio listeners in the scene. Please ensure there is always exactly one audio listener in the scene.
There are 2 audio listeners in the scene. Please ensure there is always exactly one audio listener in the scene.
There are 2 audio listeners in the scene. Please ensure there is always exactly one audio listener in the scene.
There are 2 audio listeners in the scene. Please ensure there is always exactly one audio listener in the scene.
There are 2 audio listeners in the scene. Please ensure there is always exactly one audio listener in the scene.
There are 2 audio listeners in the scene. Please ensure there is always exactly one audio listener in the scene.
There are 2 audio listeners in the scene. Please ensure there is always exactly one audio listener in the scene.
There are 2 audio listeners in the scene. Please ensure there is always exactly one audio listener in the scene.
There are 2 audio listeners in the scene. Please ensure there is always exactly one audio listener in the scene.
There are 2 audio listeners in the scene. Please ensure there is always exactly one audio listener in the scene.
There are 2 audio listeners in the scene. Please ensure there is always exactly one audio listener in the scene.
There are 2 audio listeners in the scene. Please ensure there is always exactly one audio listener in the scene.
There are 2 audio listeners in the scene. Please ensure there is always exactly one audio listener in the scene.
There are 2 audio listeners in the scene. Please ensure there is always exactly one audio listener in the scene.
There are 2 audio listeners in the scene. Please ensure there is always exactly one audio listener in the scene.
There are 2 audio listeners in the scene. Please ensure there is always exactly one audio listener in the scene.
There are 2 audio listeners in the scene. Please ensure there is always exactly one audio listener in the scene.
There are 2 audio listeners in the scene. Please ensure there is always exactly one audio listener in the scene.
There are 2 audio listeners in the scene. Please ensure there is always exactly one audio listener in the scene.
There are 2 audio listeners in the scene. Please ensure there is always exactly one audio listener in the scene.
There are 2 audio listeners in the scene. Please ensure there is always exactly one audio listener in the scene.
There are 2 audio listeners in the scene. Please ensure there is always exactly one audio listener in the scene.
There are 2 audio listeners in the scene. Please ensure there is always exactly one audio listener in the scene.
There are 2 audio listeners in the scene. Please ensure there is always exactly one audio listener in the scene.
There are 2 audio listeners in the scene. Please ensure there is always exactly one audio listener in the scene.
There are 2 audio listeners in the scene. Please ensure there is always exactly one audio listener in the scene.
There are 2 audio listeners in the scene. Please ensure there is always exactly one audio listener in the scene.
There are 2 audio listeners in the scene. Please ensure there is always exactly one audio listener in the scene.
There are 2 audio listeners in the scene. Please ensure there is always exactly one audio listener in the scene.
There are 2 audio listeners in the scene. Please ensure there is always exactly one audio listener in the scene.
There are 2 audio listeners in the scene. Please ensure there is always exactly one audio listener in the scene.
There are 2 audio listeners in the scene. Please ensure there is always exactly one audio listener in the scene.
There are 2 audio listeners in the scene. Please ensure there is always exactly one audio listener in the scene.
There are 2 audio listeners in the scene. Please ensure there is always exactly one audio listener in the scene.
There are 2 audio listeners in the scene. Please ensure there is always exactly one audio listener in the scene.
There are 2 audio listeners in the scene. Please ensure there is always exactly one audio listener in the scene.
There are 2 audio listeners in the scene. Please ensure there is always exactly one audio listener in the scene.
There are 2 audio listeners in the scene. Please ensure there is always exactly one audio listener in the scene.
There are 2 audio listeners in the scene. Please ensure there is always exactly one audio listener in the scene.
There are 2 audio listeners in the scene. Please ensure there is always exactly one audio listener in the scene.
There are 2 audio listeners in the scene. Please ensure there is always exactly one audio listener in the scene.
There are 2 audio listeners in the scene. Please ensure there is always exactly one audio listener in the scene.
There are 2 audio listeners in the scene. Please ensure there is always exactly one audio listener in the scene.
There are 2 audio listeners in the scene. Please ensure there is always exactly one audio listener in the scene.
There are 2 audio listeners in the scene. Please ensure there is always exactly one audio listener in the scene.
There are 2 audio listeners in the scene. Please ensure there is always exactly one audio listener in the scene.
There are 2 audio listeners in the scene. Please ensure there is always exactly one audio listener in the scene.
There are 2 audio listeners in the scene. Please ensure there is always exactly one audio listener in the scene.
There are 2 audio listeners in the scene. Please ensure there is always exactly one audio listener in the scene.
There are 2 audio listeners in the scene. Please ensure there is always exactly one audio listener in the scene.
There are 2 audio listeners in the scene. Please ensure there is always exactly one audio listener in the scene.
There are 2 audio listeners in the scene. Please ensure there is always exactly one audio listener in the scene.
There are 2 audio listeners in the scene. Please ensure there is always exactly one audio listener in the scene.
There are 2 audio listeners in the scene. Please ensure there is always exactly one audio listener in the scene.
There are 2 audio listeners in the scene. Please ensure there is always exactly one audio listener in the scene.
There are 2 audio listeners in the scene. Please ensure there is always exactly one audio listener in the scene.
There are 2 audio listeners in the scene. Please ensure there is always exactly one audio listener in the scene.
There are 2 audio listeners in the scene. Please ensure there is always exactly one audio listener in the scene.
There are 2 audio listeners in the scene. Please ensure there is always exactly one audio listener in the scene.
There are 2 audio listeners in the scene. Please ensure there is always exactly one audio listener in the scene.
There are 2 audio listeners in the scene. Please ensure there is always exactly one audio listener in the scene.
There are 2 audio listeners in the scene. Please ensure there is always exactly one audio listener in the scene.
There are 2 audio listeners in the scene. Please ensure there is always exactly one audio listener in the scene.
There are 2 audio listeners in the scene. Please ensure there is always exactly one audio listener in the scene.
There are 2 audio listeners in the scene. Please ensure there is always exactly one audio listener in the scene.
There are 2 audio listeners in the scene. Please ensure there is always exactly one audio listener in the scene.
There are 2 audio listeners in the scene. Please ensure there is always exactly one audio listener in the scene.
There are 2 audio listeners in the scene. Please ensure there is always exactly one audio listener in the scene.
There are 2 audio listeners in the scene. Please ensure there is always exactly one audio listener in the scene.
There are 2 audio listeners in the scene. Please ensure there is always exactly one audio listener in the scene.
There are 2 audio listeners in the scene. Please ensure there is always exactly one audio listener in the scene.
There are 2 audio listeners in the scene. Please ensure there is always exactly one audio listener in the scene.
There are 2 audio listeners in the scene. Please ensure there is always exactly one audio listener in the scene.
There are 2 audio listeners in the scene. Please ensure there is always exactly one audio listener in the scene.
There are 2 audio listeners in the scene. Please ensure there is always exactly one audio listener in the scene.
There are 2 audio listeners in the scene. Please ensure there is always exactly one audio listener in the scene.
There are 2 audio listeners in the scene. Please ensure there is always exactly one audio listener in the scene.
There are 2 audio listeners in the scene. Please ensure there is always exactly one audio listener in the scene.
There are 2 audio listeners in the scene. Please ensure there is always exactly one audio listener in the scene.
There are 2 audio listeners in the scene. Please ensure there is always exactly one audio listener in the scene.
There are 2 audio listeners in the scene. Please ensure there is always exactly one audio listener in the scene.
There are 2 audio listeners in the scene. Please ensure there is always exactly one audio listener in the scene.
There are 2 audio listeners in the scene. Please ensure there is always exactly one audio listener in the scene.
There are 2 audio listeners in the scene. Please ensure there is always exactly one audio listener in the scene.
There are 2 audio listeners in the scene. Please ensure there is always exactly one audio listener in the scene.
There are 2 audio listeners in the scene. Please ensure there is always exactly one audio listener in the scene.
There are 2 audio listeners in the scene. Please ensure there is always exactly one audio listener in the scene.
There are 2 audio listeners in the scene. Please ensure there is always exactly one audio listener in the scene.
There are 2 audio listeners in the scene. Please ensure there is always exactly one audio listener in the scene.
There are 2 audio listeners in the scene. Please ensure there is always exactly one audio listener in the scene.
There are 2 audio listeners in the scene. Please ensure there is always exactly one audio listener in the scene.
There are 2 audio listeners in the scene. Please ensure there is always exactly one audio listener in the scene.
There are 2 audio listeners in the scene. Please ensure there is always exactly one audio listener in the scene.
There are 2 audio listeners in the scene. Please ensure there is always exactly one audio listener in the scene.
There are 2 audio listeners in the scene. Please ensure there is always exactly one audio listener in the scene.
There are 2 audio listeners in the scene. Please ensure there is always exactly one audio listener in the scene.
There are 2 audio listeners in the scene. Please ensure there is always exactly one audio listener in the scene.
There are 2 audio listeners in the scene. Please ensure there is always exactly one audio listener in the scene.
There are 2 audio listeners in the scene. Please ensure there is always exactly one audio listener in the scene.
There are 2 audio listeners in the scene. Please ensure there is always exactly one audio listener in the scene.
There are 2 audio listeners in the scene. Please ensure there is always exactly one audio listener in the scene.
There are 2 audio listeners in the scene. Please ensure there is always exactly one audio listener in the scene.
There are 2 audio listeners in the scene. Please ensure there is always exactly one audio listener in the scene.
There are 2 audio listeners in the scene. Please ensure there is always exactly one audio listener in the scene.
There are 2 audio listeners in the scene. Please ensure there is always exactly one audio listener in the scene.
There are 2 audio listeners in the scene. Please ensure there is always exactly one audio listener in the scene.
There are 2 audio listeners in the scene. Please ensure there is always exactly one audio listener in the scene.
There are 2 audio listeners in the scene. Please ensure there is always exactly one audio listener in the scene.
There are 2 audio listeners in the scene. Please ensure there is always exactly one audio listener in the scene.
There are 2 audio listeners in the scene. Please ensure there is always exactly one audio listener in the scene.
There are 2 audio listeners in the scene. Please ensure there is always exactly one audio listener in the scene.
There are 2 audio listeners in the scene. Please ensure there is always exactly one audio listener in the scene.
There are 2 audio listeners in the scene. Please ensure there is always exactly one audio listener in the scene.
There are 2 audio listeners in the scene. Please ensure there is always exactly one audio listener in the scene.
There are 2 audio listeners in the scene. Please ensure there is always exactly one audio listener in the scene.
There are 2 audio listeners in the scene. Please ensure there is always exactly one audio listener in the scene.
There are 2 audio listeners in the scene. Please ensure there is always exactly one audio listener in the scene.
There are 2 audio listeners in the scene. Please ensure there is always exactly one audio listener in the scene.
There are 2 audio listeners in the scene. Please ensure there is always exactly one audio listener in the scene.
There are 2 audio listeners in the scene. Please ensure there is always exactly one audio listener in the scene.
There are 2 audio listeners in the scene. Please ensure there is always exactly one audio listener in the scene.
There are 2 audio listeners in the scene. Please ensure there is always exactly one audio listener in the scene.
There are 2 audio listeners in the scene. Please ensure there is always exactly one audio listener in the scene.
There are 2 audio listeners in the scene. Please ensure there is always exactly one audio listener in the scene.
There are 2 audio listeners in the scene. Please ensure there is always exactly one audio listener in the scene.
There are 2 audio listeners in the scene. Please ensure there is always exactly one audio listener in the scene.
There are 2 audio listeners in the scene. Please ensure there is always exactly one audio listener in the scene.
There are 2 audio listeners in the scene. Please ensure there is always exactly one audio listener in the scene.
There are 2 audio listeners in the scene. Please ensure there is always exactly one audio listener in the scene.
There are 2 audio listeners in the scene. Please ensure there is always exactly one audio listener in the scene.
There are 2 audio listeners in the scene. Please ensure there is always exactly one audio listener in the scene.
There are 2 audio listeners in the scene. Please ensure there is always exactly one audio listener in the scene.
There are 2 audio listeners in the scene. Please ensure there is always exactly one audio listener in the scene.
There are 2 audio listeners in the scene. Please ensure there is always exactly one audio listener in the scene.
There are 2 audio listeners in the scene. Please ensure there is always exactly one audio listener in the scene.
There are 2 audio listeners in the scene. Please ensure there is always exactly one audio listener in the scene.
There are 2 audio listeners in the scene. Please ensure there is always exactly one audio listener in the scene.
There are 2 audio listeners in the scene. Please ensure there is always exactly one audio listener in the scene.
There are 2 audio listeners in the scene. Please ensure there is always exactly one audio listener in the scene.
There are 2 audio listeners in the scene. Please ensure there is always exactly one audio listener in the scene.
There are 2 audio listeners in the scene. Please ensure there is always exactly one audio listener in the scene.
There are 2 audio listeners in the scene. Please ensure there is always exactly one audio listener in the scene.
There are 2 audio listeners in the scene. Please ensure there is always exactly one audio listener in the scene.
There are 2 audio listeners in the scene. Please ensure there is always exactly one audio listener in the scene.
There are 2 audio listeners in the scene. Please ensure there is always exactly one audio listener in the scene.
There are 2 audio listeners in the scene. Please ensure there is always exactly one audio listener in the scene.
There are 2 audio listeners in the scene. Please ensure there is always exactly one audio listener in the scene.
There are 2 audio listeners in the scene. Please ensure there is always exactly one audio listener in the scene.
There are 2 audio listeners in the scene. Please ensure there is always exactly one audio listener in the scene.
There are 2 audio listeners in the scene. Please ensure there is always exactly one audio listener in the scene.
There are 2 audio listeners in the scene. Please ensure there is always exactly one audio listener in the scene.
There are 2 audio listeners in the scene. Please ensure there is always exactly one audio listener in the scene.
There are 2 audio listeners in the scene. Please ensure there is always exactly one audio listener in the scene.
There are 2 audio listeners in the scene. Please ensure there is always exactly one audio listener in the scene.
There are 2 audio listeners in the scene. Please ensure there is always exactly one audio listener in the scene.
There are 2 audio listeners in the scene. Please ensure there is always exactly one audio listener in the scene.
There are 2 audio listeners in the scene. Please ensure there is always exactly one audio listener in the scene.
There are 2 audio listeners in the scene. Please ensure there is always exactly one audio listener in the scene.
There are 2 audio listeners in the scene. Please ensure there is always exactly one audio listener in the scene.
There are 2 audio listeners in the scene. Please ensure there is always exactly one audio listener in the scene.
There are 2 audio listeners in the scene. Please ensure there is always exactly one audio listener in the scene.
There are 2 audio listeners in the scene. Please ensure there is always exactly one audio listener in the scene.
There are 2 audio listeners in the scene. Please ensure there is always exactly one audio listener in the scene.
There are 2 audio listeners in the scene. Please ensure there is always exactly one audio listener in the scene.
There are 2 audio listeners in the scene. Please ensure there is always exactly one audio listener in the scene.
There are 2 audio listeners in the scene. Please ensure there is always exactly one audio listener in the scene.
There are 2 audio listeners in the scene. Please ensure there is always exactly one audio listener in the scene.
There are 2 audio listeners in the scene. Please ensure there is always exactly one audio listener in the scene.
There are 2 audio listeners in the scene. Please ensure there is always exactly one audio listener in the scene.
There are 2 audio listeners in the scene. Please ensure there is always exactly one audio listener in the scene.
There are 2 audio listeners in the scene. Please ensure there is always exactly one audio listener in the scene.
There are 2 audio listeners in the scene. Please ensure there is always exactly one audio listener in the scene.
There are 2 audio listeners in the scene. Please ensure there is always exactly one audio listener in the scene.
There are 2 audio listeners in the scene. Please ensure there is always exactly one audio listener in the scene.
There are 2 audio listeners in the scene. Please ensure there is always exactly one audio listener in the scene.
There are 2 audio listeners in the scene. Please ensure there is always exactly one audio listener in the scene.
There are 2 audio listeners in the scene. Please ensure there is always exactly one audio listener in the scene.
There are 2 audio listeners in the scene. Please ensure there is always exactly one audio listener in the scene.
There are 2 audio listeners in the scene. Please ensure there is always exactly one audio listener in the scene.
There are 2 audio listeners in the scene. Please ensure there is always exactly one audio listener in the scene.
There are 2 audio listeners in the scene. Please ensure there is always exactly one audio listener in the scene.
There are 2 audio listeners in the scene. Please ensure there is always exactly one audio listener in the scene.
There are 2 audio listeners in the scene. Please ensure there is always exactly one audio listener in the scene.
There are 2 audio listeners in the scene. Please ensure there is always exactly one audio listener in the scene.
There are 2 audio listeners in the scene. Please ensure there is always exactly one audio listener in the scene.
There are 2 audio listeners in the scene. Please ensure there is always exactly one audio listener in the scene.
There are 2 audio listeners in the scene. Please ensure there is always exactly one audio listener in the scene.
There are 2 audio listeners in the scene. Please ensure there is always exactly one audio listener in the scene.
There are 2 audio listeners in the scene. Please ensure there is always exactly one audio listener in the scene.
There are 2 audio listeners in the scene. Please ensure there is always exactly one audio listener in the scene.
There are 2 audio listeners in the scene. Please ensure there is always exactly one audio listener in the scene.
There are 2 audio listeners in the scene. Please ensure there is always exactly one audio listener in the scene.
There are 2 audio listeners in the scene. Please ensure there is always exactly one audio listener in the scene.
There are 2 audio listeners in the scene. Please ensure there is always exactly one audio listener in the scene.
There are 2 audio listeners in the scene. Please ensure there is always exactly one audio listener in the scene.
There are 2 audio listeners in the scene. Please ensure there is always exactly one audio listener in the scene.
There are 2 audio listeners in the scene. Please ensure there is always exactly one audio listener in the scene.
There are 2 audio listeners in the scene. Please ensure there is always exactly one audio listener in the scene.
There are 2 audio listeners in the scene. Please ensure there is always exactly one audio listener in the scene.
There are 2 audio listeners in the scene. Please ensure there is always exactly one audio listener in the scene.
There are 2 audio listeners in the scene. Please ensure there is always exactly one audio listener in the scene.
There are 2 audio listeners in the scene. Please ensure there is always exactly one audio listener in the scene.
There are 2 audio listeners in the scene. Please ensure there is always exactly one audio listener in the scene.
There are 2 audio listeners in the scene. Please ensure there is always exactly one audio listener in the scene.
There are 2 audio listeners in the scene. Please ensure there is always exactly one audio listener in the scene.
There are 2 audio listeners in the scene. Please ensure there is always exactly one audio listener in the scene.
There are 2 audio listeners in the scene. Please ensure there is always exactly one audio listener in the scene.
There are 2 audio listeners in the scene. Please ensure there is always exactly one audio listener in the scene.
There are 2 audio listeners in the scene. Please ensure there is always exactly one audio listener in the scene.
There are 2 audio listeners in the scene. Please ensure there is always exactly one audio listener in the scene.
There are 2 audio listeners in the scene. Please ensure there is always exactly one audio listener in the scene.
There are 2 audio listeners in the scene. Please ensure there is always exactly one audio listener in the scene.
There are 2 audio listeners in the scene. Please ensure there is always exactly one audio listener in the scene.
There are 2 audio listeners in the scene. Please ensure there is always exactly one audio listener in the scene.
There are 2 audio listeners in the scene. Please ensure there is always exactly one audio listener in the scene.
There are 2 audio listeners in the scene. Please ensure there is always exactly one audio listener in the scene.
There are 2 audio listeners in the scene. Please ensure there is always exactly one audio listener in the scene.
There are 2 audio listeners in the scene. Please ensure there is always exactly one audio listener in the scene.
There are 2 audio listeners in the scene. Please ensure there is always exactly one audio listener in the scene.
There are 2 audio listeners in the scene. Please ensure there is always exactly one audio listener in the scene.
There are 2 audio listeners in the scene. Please ensure there is always exactly one audio listener in the scene.
There are 2 audio listeners in the scene. Please ensure there is always exactly one audio listener in the scene.
There are 2 audio listeners in the scene. Please ensure there is always exactly one audio listener in the scene.
There are 2 audio listeners in the scene. Please ensure there is always exactly one audio listener in the scene.
There are 2 audio listeners in the scene. Please ensure there is always exactly one audio listener in the scene.
There are 2 audio listeners in the scene. Please ensure there is always exactly one audio listener in the scene.
There are 2 audio listeners in the scene. Please ensure there is always exactly one audio listener in the scene.
There are 2 audio listeners in the scene. Please ensure there is always exactly one audio listener in the scene.
There are 2 audio listeners in the scene. Please ensure there is always exactly one audio listener in the scene.
There are 2 audio listeners in the scene. Please ensure there is always exactly one audio listener in the scene.
There are 2 audio listeners in the scene. Please ensure there is always exactly one audio listener in the scene.
There are 2 audio listeners in the scene. Please ensure there is always exactly one audio listener in the scene.
There are 2 audio listeners in the scene. Please ensure there is always exactly one audio listener in the scene.
There are 2 audio listeners in the scene. Please ensure there is always exactly one audio listener in the scene.
There are 2 audio listeners in the scene. Please ensure there is always exactly one audio listener in the scene.
There are 2 audio listeners in the scene. Please ensure there is always exactly one audio listener in the scene.
There are 2 audio listeners in the scene. Please ensure there is always exactly one audio listener in the scene.
There are 2 audio listeners in the scene. Please ensure there is always exactly one audio listener in the scene.
There are 2 audio listeners in the scene. Please ensure there is always exactly one audio listener in the scene.
There are 2 audio listeners in the scene. Please ensure there is always exactly one audio listener in the scene.
There are 2 audio listeners in the scene. Please ensure there is always exactly one audio listener in the scene.
There are 2 audio listeners in the scene. Please ensure there is always exactly one audio listener in the scene.
There are 2 audio listeners in the scene. Please ensure there is always exactly one audio listener in the scene.
There are 2 audio listeners in the scene. Please ensure there is always exactly one audio listener in the scene.
There are 2 audio listeners in the scene. Please ensure there is always exactly one audio listener in the scene.
There are 2 audio listeners in the scene. Please ensure there is always exactly one audio listener in the scene.
There are 2 audio listeners in the scene. Please ensure there is always exactly one audio listener in the scene.
There are 2 audio listeners in the scene. Please ensure there is always exactly one audio listener in the scene.
There are 2 audio listeners in the scene. Please ensure there is always exactly one audio listener in the scene.
There are 2 audio listeners in the scene. Please ensure there is always exactly one audio listener in the scene.
There are 2 audio listeners in the scene. Please ensure there is always exactly one audio listener in the scene.
There are 2 audio listeners in the scene. Please ensure there is always exactly one audio listener in the scene.
There are 2 audio listeners in the scene. Please ensure there is always exactly one audio listener in the scene.
There are 2 audio listeners in the scene. Please ensure there is always exactly one audio listener in the scene.
There are 2 audio listeners in the scene. Please ensure there is always exactly one audio listener in the scene.
There are 2 audio listeners in the scene. Please ensure there is always exactly one audio listener in the scene.
There are 2 audio listeners in the scene. Please ensure there is always exactly one audio listener in the scene.
There are 2 audio listeners in the scene. Please ensure there is always exactly one audio listener in the scene.
There are 2 audio listeners in the scene. Please ensure there is always exactly one audio listener in the scene.
There are 2 audio listeners in the scene. Please ensure there is always exactly one audio listener in the scene.
There are 2 audio listeners in the scene. Please ensure there is always exactly one audio listener in the scene.
There are 2 audio listeners in the scene. Please ensure there is always exactly one audio listener in the scene.
There are 2 audio listeners in the scene. Please ensure there is always exactly one audio listener in the scene.
There are 2 audio listeners in the scene. Please ensure there is always exactly one audio listener in the scene.
There are 2 audio listeners in the scene. Please ensure there is always exactly one audio listener in the scene.
There are 2 audio listeners in the scene. Please ensure there is always exactly one audio listener in the scene.
There are 2 audio listeners in the scene. Please ensure there is always exactly one audio listener in the scene.
There are 2 audio listeners in the scene. Please ensure there is always exactly one audio listener in the scene.
There are 2 audio listeners in the scene. Please ensure there is always exactly one audio listener in the scene.
There are 2 audio listeners in the scene. Please ensure there is always exactly one audio listener in the scene.
There are 2 audio listeners in the scene. Please ensure there is always exactly one audio listener in the scene.
There are 2 audio listeners in the scene. Please ensure there is always exactly one audio listener in the scene.
There are 2 audio listeners in the scene. Please ensure there is always exactly one audio listener in the scene.
There are 2 audio listeners in the scene. Please ensure there is always exactly one audio listener in the scene.
There are 2 audio listeners in the scene. Please ensure there is always exactly one audio listener in the scene.
There are 2 audio listeners in the scene. Please ensure there is always exactly one audio listener in the scene.
There are 2 audio listeners in the scene. Please ensure there is always exactly one audio listener in the scene.
There are 2 audio listeners in the scene. Please ensure there is always exactly one audio listener in the scene.
There are 2 audio listeners in the scene. Please ensure there is always exactly one audio listener in the scene.
There are 2 audio listeners in the scene. Please ensure there is always exactly one audio listener in the scene.
There are 2 audio listeners in the scene. Please ensure there is always exactly one audio listener in the scene.
There are 2 audio listeners in the scene. Please ensure there is always exactly one audio listener in the scene.
There are 2 audio listeners in the scene. Please ensure there is always exactly one audio listener in the scene.
There are 2 audio listeners in the scene. Please ensure there is always exactly one audio listener in the scene.
There are 2 audio listeners in the scene. Please ensure there is always exactly one audio listener in the scene.
There are 2 audio listeners in the scene. Please ensure there is always exactly one audio listener in the scene.
There are 2 audio listeners in the scene. Please ensure there is always exactly one audio listener in the scene.
There are 2 audio listeners in the scene. Please ensure there is always exactly one audio listener in the scene.
There are 2 audio listeners in the scene. Please ensure there is always exactly one audio listener in the scene.
There are 2 audio listeners in the scene. Please ensure there is always exactly one audio listener in the scene.
There are 2 audio listeners in the scene. Please ensure there is always exactly one audio listener in the scene.
There are 2 audio listeners in the scene. Please ensure there is always exactly one audio listener in the scene.
There are 2 audio listeners in the scene. Please ensure there is always exactly one audio listener in the scene.
There are 2 audio listeners in the scene. Please ensure there is always exactly one audio listener in the scene.
There are 2 audio listeners in the scene. Please ensure there is always exactly one audio listener in the scene.
There are 2 audio listeners in the scene. Please ensure there is always exactly one audio listener in the scene.
There are 2 audio listeners in the scene. Please ensure there is always exactly one audio listener in the scene.
There are 2 audio listeners in the scene. Please ensure there is always exactly one audio listener in the scene.
There are 2 audio listeners in the scene. Please ensure there is always exactly one audio listener in the scene.
There are 2 audio listeners in the scene. Please ensure there is always exactly one audio listener in the scene.
There are 2 audio listeners in the scene. Please ensure there is always exactly one audio listener in the scene.
There are 2 audio listeners in the scene. Please ensure there is always exactly one audio listener in the scene.
There are 2 audio listeners in the scene. Please ensure there is always exactly one audio listener in the scene.
There are 2 audio listeners in the scene. Please ensure there is always exactly one audio listener in the scene.
There are 2 audio listeners in the scene. Please ensure there is always exactly one audio listener in the scene.
There are 2 audio listeners in the scene. Please ensure there is always exactly one audio listener in the scene.
There are 2 audio listeners in the scene. Please ensure there is always exactly one audio listener in the scene.
There are 2 audio listeners in the scene. Please ensure there is always exactly one audio listener in the scene.
There are 2 audio listeners in the scene. Please ensure there is always exactly one audio listener in the scene.
There are 2 audio listeners in the scene. Please ensure there is always exactly one audio listener in the scene.
There are 2 audio listeners in the scene. Please ensure there is always exactly one audio listener in the scene.
There are 2 audio listeners in the scene. Please ensure there is always exactly one audio listener in the scene.
There are 2 audio listeners in the scene. Please ensure there is always exactly one audio listener in the scene.
There are 2 audio listeners in the scene. Please ensure there is always exactly one audio listener in the scene.
There are 2 audio listeners in the scene. Please ensure there is always exactly one audio listener in the scene.
There are 2 audio listeners in the scene. Please ensure there is always exactly one audio listener in the scene.
There are 2 audio listeners in the scene. Please ensure there is always exactly one audio listener in the scene.
There are 2 audio listeners in the scene. Please ensure there is always exactly one audio listener in the scene.
There are 2 audio listeners in the scene. Please ensure there is always exactly one audio listener in the scene.
There are 2 audio listeners in the scene. Please ensure there is always exactly one audio listener in the scene.
There are 2 audio listeners in the scene. Please ensure there is always exactly one audio listener in the scene.
There are 2 audio listeners in the scene. Please ensure there is always exactly one audio listener in the scene.
There are 2 audio listeners in the scene. Please ensure there is always exactly one audio listener in the scene.
There are 2 audio listeners in the scene. Please ensure there is always exactly one audio listener in the scene.
There are 2 audio listeners in the scene. Please ensure there is always exactly one audio listener in the scene.
There are 2 audio listeners in the scene. Please ensure there is always exactly one audio listener in the scene.
There are 2 audio listeners in the scene. Please ensure there is always exactly one audio listener in the scene.
There are 2 audio listeners in the scene. Please ensure there is always exactly one audio listener in the scene.
There are 2 audio listeners in the scene. Please ensure there is always exactly one audio listener in the scene.
There are 2 audio listeners in the scene. Please ensure there is always exactly one audio listener in the scene.
There are 2 audio listeners in the scene. Please ensure there is always exactly one audio listener in the scene.
There are 2 audio listeners in the scene. Please ensure there is always exactly one audio listener in the scene.
There are 2 audio listeners in the scene. Please ensure there is always exactly one audio listener in the scene.
There are 2 audio listeners in the scene. Please ensure there is always exactly one audio listener in the scene.
There are 2 audio listeners in the scene. Please ensure there is always exactly one audio listener in the scene.
There are 2 audio listeners in the scene. Please ensure there is always exactly one audio listener in the scene.
There are 2 audio listeners in the scene. Please ensure there is always exactly one audio listener in the scene.
There are 2 audio listeners in the scene. Please ensure there is always exactly one audio listener in the scene.
There are 2 audio listeners in the scene. Please ensure there is always exactly one audio listener in the scene.
There are 2 audio listeners in the scene. Please ensure there is always exactly one audio listener in the scene.
There are 2 audio listeners in the scene. Please ensure there is always exactly one audio listener in the scene.
There are 2 audio listeners in the scene. Please ensure there is always exactly one audio listener in the scene.
There are 2 audio listeners in the scene. Please ensure there is always exactly one audio listener in the scene.
There are 2 audio listeners in the scene. Please ensure there is always exactly one audio listener in the scene.
There are 2 audio listeners in the scene. Please ensure there is always exactly one audio listener in the scene.
There are 2 audio listeners in the scene. Please ensure there is always exactly one audio listener in the scene.
There are 2 audio listeners in the scene. Please ensure there is always exactly one audio listener in the scene.
There are 2 audio listeners in the scene. Please ensure there is always exactly one audio listener in the scene.
There are 2 audio listeners in the scene. Please ensure there is always exactly one audio listener in the scene.
There are 2 audio listeners in the scene. Please ensure there is always exactly one audio listener in the scene.
There are 2 audio listeners in the scene. Please ensure there is always exactly one audio listener in the scene.
There are 2 audio listeners in the scene. Please ensure there is always exactly one audio listener in the scene.
There are 2 audio listeners in the scene. Please ensure there is always exactly one audio listener in the scene.
There are 2 audio listeners in the scene. Please ensure there is always exactly one audio listener in the scene.
There are 2 audio listeners in the scene. Please ensure there is always exactly one audio listener in the scene.
There are 2 audio listeners in the scene. Please ensure there is always exactly one audio listener in the scene.
There are 2 audio listeners in the scene. Please ensure there is always exactly one audio listener in the scene.
There are 2 audio listeners in the scene. Please ensure there is always exactly one audio listener in the scene.
There are 2 audio listeners in the scene. Please ensure there is always exactly one audio listener in the scene.
There are 2 audio listeners in the scene. Please ensure there is always exactly one audio listener in the scene.
There are 2 audio listeners in the scene. Please ensure there is always exactly one audio listener in the scene.
There are 2 audio listeners in the scene. Please ensure there is always exactly one audio listener in the scene.
There are 2 audio listeners in the scene. Please ensure there is always exactly one audio listener in the scene.
There are 2 audio listeners in the scene. Please ensure there is always exactly one audio listener in the scene.
There are 2 audio listeners in the scene. Please ensure there is always exactly one audio listener in the scene.
There are 2 audio listeners in the scene. Please ensure there is always exactly one audio listener in the scene.
There are 2 audio listeners in the scene. Please ensure there is always exactly one audio listener in the scene.
There are 2 audio listeners in the scene. Please ensure there is always exactly one audio listener in the scene.
There are 2 audio listeners in the scene. Please ensure there is always exactly one audio listener in the scene.
There are 2 audio listeners in the scene. Please ensure there is always exactly one audio listener in the scene.
There are 2 audio listeners in the scene. Please ensure there is always exactly one audio listener in the scene.
There are 2 audio listeners in the scene. Please ensure there is always exactly one audio listener in the scene.
There are 2 audio listeners in the scene. Please ensure there is always exactly one audio listener in the scene.
There are 2 audio listeners in the scene. Please ensure there is always exactly one audio listener in the scene.
There are 2 audio listeners in the scene. Please ensure there is always exactly one audio listener in the scene.
There are 2 audio listeners in the scene. Please ensure there is always exactly one audio listener in the scene.
There are 2 audio listeners in the scene. Please ensure there is always exactly one audio listener in the scene.
There are 2 audio listeners in the scene. Please ensure there is always exactly one audio listener in the scene.
There are 2 audio listeners in the scene. Please ensure there is always exactly one audio listener in the scene.
There are 2 audio listeners in the scene. Please ensure there is always exactly one audio listener in the scene.
There are 2 audio listeners in the scene. Please ensure there is always exactly one audio listener in the scene.
There are 2 audio listeners in the scene. Please ensure there is always exactly one audio listener in the scene.
There are 2 audio listeners in the scene. Please ensure there is always exactly one audio listener in the scene.
There are 2 audio listeners in the scene. Please ensure there is always exactly one audio listener in the scene.
There are 2 audio listeners in the scene. Please ensure there is always exactly one audio listener in the scene.
There are 2 audio listeners in the scene. Please ensure there is always exactly one audio listener in the scene.
There are 2 audio listeners in the scene. Please ensure there is always exactly one audio listener in the scene.
There are 2 audio listeners in the scene. Please ensure there is always exactly one audio listener in the scene.
There are 2 audio listeners in the scene. Please ensure there is always exactly one audio listener in the scene.
There are 2 audio listeners in the scene. Please ensure there is always exactly one audio listener in the scene.
There are 2 audio listeners in the scene. Please ensure there is always exactly one audio listener in the scene.
There are 2 audio listeners in the scene. Please ensure there is always exactly one audio listener in the scene.
There are 2 audio listeners in the scene. Please ensure there is always exactly one audio listener in the scene.
There are 2 audio listeners in the scene. Please ensure there is always exactly one audio listener in the scene.
There are 2 audio listeners in the scene. Please ensure there is always exactly one audio listener in the scene.
There are 2 audio listeners in the scene. Please ensure there is always exactly one audio listener in the scene.
There are 2 audio listeners in the scene. Please ensure there is always exactly one audio listener in the scene.
There are 2 audio listeners in the scene. Please ensure there is always exactly one audio listener in the scene.
There are 2 audio listeners in the scene. Please ensure there is always exactly one audio listener in the scene.
There are 2 audio listeners in the scene. Please ensure there is always exactly one audio listener in the scene.
There are 2 audio listeners in the scene. Please ensure there is always exactly one audio listener in the scene.
There are 2 audio listeners in the scene. Please ensure there is always exactly one audio listener in the scene.
There are 2 audio listeners in the scene. Please ensure there is always exactly one audio listener in the scene.
There are 2 audio listeners in the scene. Please ensure there is always exactly one audio listener in the scene.
There are 2 audio listeners in the scene. Please ensure there is always exactly one audio listener in the scene.
There are 2 audio listeners in the scene. Please ensure there is always exactly one audio listener in the scene.
There are 2 audio listeners in the scene. Please ensure there is always exactly one audio listener in the scene.
There are 2 audio listeners in the scene. Please ensure there is always exactly one audio listener in the scene.
There are 2 audio listeners in the scene. Please ensure there is always exactly one audio listener in the scene.
There are 2 audio listeners in the scene. Please ensure there is always exactly one audio listener in the scene.
There are 2 audio listeners in the scene. Please ensure there is always exactly one audio listener in the scene.
There are 2 audio listeners in the scene. Please ensure there is always exactly one audio listener in the scene.
There are 2 audio listeners in the scene. Please ensure there is always exactly one audio listener in the scene.
There are 2 audio listeners in the scene. Please ensure there is always exactly one audio listener in the scene.
There are 2 audio listeners in the scene. Please ensure there is always exactly one audio listener in the scene.
There are 2 audio listeners in the scene. Please ensure there is always exactly one audio listener in the scene.
There are 2 audio listeners in the scene. Please ensure there is always exactly one audio listener in the scene.
There are 2 audio listeners in the scene. Please ensure there is always exactly one audio listener in the scene.
There are 2 audio listeners in the scene. Please ensure there is always exactly one audio listener in the scene.
There are 2 audio listeners in the scene. Please ensure there is always exactly one audio listener in the scene.
There are 2 audio listeners in the scene. Please ensure there is always exactly one audio listener in the scene.
There are 2 audio listeners in the scene. Please ensure there is always exactly one audio listener in the scene.
There are 2 audio listeners in the scene. Please ensure there is always exactly one audio listener in the scene.
There are 2 audio listeners in the scene. Please ensure there is always exactly one audio listener in the scene.
There are 2 audio listeners in the scene. Please ensure there is always exactly one audio listener in the scene.
There are 2 audio listeners in the scene. Please ensure there is always exactly one audio listener in the scene.
There are 2 audio listeners in the scene. Please ensure there is always exactly one audio listener in the scene.
There are 2 audio listeners in the scene. Please ensure there is always exactly one audio listener in the scene.
There are 2 audio listeners in the scene. Please ensure there is always exactly one audio listener in the scene.
There are 2 audio listeners in the scene. Please ensure there is always exactly one audio listener in the scene.
There are 2 audio listeners in the scene. Please ensure there is always exactly one audio listener in the scene.
There are 2 audio listeners in the scene. Please ensure there is always exactly one audio listener in the scene.
There are 2 audio listeners in the scene. Please ensure there is always exactly one audio listener in the scene.
There are 2 audio listeners in the scene. Please ensure there is always exactly one audio listener in the scene.
There are 2 audio listeners in the scene. Please ensure there is always exactly one audio listener in the scene.
There are 2 audio listeners in the scene. Please ensure there is always exactly one audio listener in the scene.
There are 2 audio listeners in the scene. Please ensure there is always exactly one audio listener in the scene.
There are 2 audio listeners in the scene. Please ensure there is always exactly one audio listener in the scene.
There are 2 audio listeners in the scene. Please ensure there is always exactly one audio listener in the scene.
There are 2 audio listeners in the scene. Please ensure there is always exactly one audio listener in the scene.
There are 2 audio listeners in the scene. Please ensure there is always exactly one audio listener in the scene.
There are 2 audio listeners in the scene. Please ensure there is always exactly one audio listener in the scene.
There are 2 audio listeners in the scene. Please ensure there is always exactly one audio listener in the scene.
There are 2 audio listeners in the scene. Please ensure there is always exactly one audio listener in the scene.
There are 2 audio listeners in the scene. Please ensure there is always exactly one audio listener in the scene.
There are 2 audio listeners in the scene. Please ensure there is always exactly one audio listener in the scene.
There are 2 audio listeners in the scene. Please ensure there is always exactly one audio listener in the scene.
There are 2 audio listeners in the scene. Please ensure there is always exactly one audio listener in the scene.
There are 2 audio listeners in the scene. Please ensure there is always exactly one audio listener in the scene.
There are 2 audio listeners in the scene. Please ensure there is always exactly one audio listener in the scene.
There are 2 audio listeners in the scene. Please ensure there is always exactly one audio listener in the scene.
There are 2 audio listeners in the scene. Please ensure there is always exactly one audio listener in the scene.
There are 2 audio listeners in the scene. Please ensure there is always exactly one audio listener in the scene.
There are 2 audio listeners in the scene. Please ensure there is always exactly one audio listener in the scene.
There are 2 audio listeners in the scene. Please ensure there is always exactly one audio listener in the scene.
There are 2 audio listeners in the scene. Please ensure there is always exactly one audio listener in the scene.
There are 2 audio listeners in the scene. Please ensure there is always exactly one audio listener in the scene.
There are 2 audio listeners in the scene. Please ensure there is always exactly one audio listener in the scene.
There are 2 audio listeners in the scene. Please ensure there is always exactly one audio listener in the scene.
There are 2 audio listeners in the scene. Please ensure there is always exactly one audio listener in the scene.
There are 2 audio listeners in the scene. Please ensure there is always exactly one audio listener in the scene.
There are 2 audio listeners in the scene. Please ensure there is always exactly one audio listener in the scene.
There are 2 audio listeners in the scene. Please ensure there is always exactly one audio listener in the scene.
There are 2 audio listeners in the scene. Please ensure there is always exactly one audio listener in the scene.
There are 2 audio listeners in the scene. Please ensure there is always exactly one audio listener in the scene.
There are 2 audio listeners in the scene. Please ensure there is always exactly one audio listener in the scene.
There are 2 audio listeners in the scene. Please ensure there is always exactly one audio listener in the scene.
There are 2 audio listeners in the scene. Please ensure there is always exactly one audio listener in the scene.
There are 2 audio listeners in the scene. Please ensure there is always exactly one audio listener in the scene.
There are 2 audio listeners in the scene. Please ensure there is always exactly one audio listener in the scene.
There are 2 audio listeners in the scene. Please ensure there is always exactly one audio listener in the scene.
There are 2 audio listeners in the scene. Please ensure there is always exactly one audio listener in the scene.
There are 2 audio listeners in the scene. Please ensure there is always exactly one audio listener in the scene.
There are 2 audio listeners in the scene. Please ensure there is always exactly one audio listener in the scene.
There are 2 audio listeners in the scene. Please ensure there is always exactly one audio listener in the scene.
There are 2 audio listeners in the scene. Please ensure there is always exactly one audio listener in the scene.
There are 2 audio listeners in the scene. Please ensure there is always exactly one audio listener in the scene.
There are 2 audio listeners in the scene. Please ensure there is always exactly one audio listener in the scene.
There are 2 audio listeners in the scene. Please ensure there is always exactly one audio listener in the scene.
There are 2 audio listeners in the scene. Please ensure there is always exactly one audio listener in the scene.
There are 2 audio listeners in the scene. Please ensure there is always exactly one audio listener in the scene.
There are 2 audio listeners in the scene. Please ensure there is always exactly one audio listener in the scene.
There are 2 audio listeners in the scene. Please ensure there is always exactly one audio listener in the scene.
There are 2 audio listeners in the scene. Please ensure there is always exactly one audio listener in the scene.
There are 2 audio listeners in the scene. Please ensure there is always exactly one audio listener in the scene.
There are 2 audio listeners in the scene. Please ensure there is always exactly one audio listener in the scene.
There are 2 audio listeners in the scene. Please ensure there is always exactly one audio listener in the scene.
There are 2 audio listeners in the scene. Please ensure there is always exactly one audio listener in the scene.
There are 2 audio listeners in the scene. Please ensure there is always exactly one audio listener in the scene.
There are 2 audio listeners in the scene. Please ensure there is always exactly one audio listener in the scene.
There are 2 audio listeners in the scene. Please ensure there is always exactly one audio listener in the scene.
There are 2 audio listeners in the scene. Please ensure there is always exactly one audio listener in the scene.
There are 2 audio listeners in the scene. Please ensure there is always exactly one audio listener in the scene.
There are 2 audio listeners in the scene. Please ensure there is always exactly one audio listener in the scene.
There are 2 audio listeners in the scene. Please ensure there is always exactly one audio listener in the scene.
There are 2 audio listeners in the scene. Please ensure there is always exactly one audio listener in the scene.
There are 2 audio listeners in the scene. Please ensure there is always exactly one audio listener in the scene.
There are 2 audio listeners in the scene. Please ensure there is always exactly one audio listener in the scene.
There are 2 audio listeners in the scene. Please ensure there is always exactly one audio listener in the scene.
There are 2 audio listeners in the scene. Please ensure there is always exactly one audio listener in the scene.
There are 2 audio listeners in the scene. Please ensure there is always exactly one audio listener in the scene.
There are 2 audio listeners in the scene. Please ensure there is always exactly one audio listener in the scene.
There are 2 audio listeners in the scene. Please ensure there is always exactly one audio listener in the scene.
There are 2 audio listeners in the scene. Please ensure there is always exactly one audio listener in the scene.
There are 2 audio listeners in the scene. Please ensure there is always exactly one audio listener in the scene.
There are 2 audio listeners in the scene. Please ensure there is always exactly one audio listener in the scene.
There are 2 audio listeners in the scene. Please ensure there is always exactly one audio listener in the scene.
There are 2 audio listeners in the scene. Please ensure there is always exactly one audio listener in the scene.
There are 2 audio listeners in the scene. Please ensure there is always exactly one audio listener in the scene.
There are 2 audio listeners in the scene. Please ensure there is always exactly one audio listener in the scene.
There are 2 audio listeners in the scene. Please ensure there is always exactly one audio listener in the scene.
There are 2 audio listeners in the scene. Please ensure there is always exactly one audio listener in the scene.
There are 2 audio listeners in the scene. Please ensure there is always exactly one audio listener in the scene.
There are 2 audio listeners in the scene. Please ensure there is always exactly one audio listener in the scene.
There are 2 audio listeners in the scene. Please ensure there is always exactly one audio listener in the scene.
There are 2 audio listeners in the scene. Please ensure there is always exactly one audio listener in the scene.
There are 2 audio listeners in the scene. Please ensure there is always exactly one audio listener in the scene.
There are 2 audio listeners in the scene. Please ensure there is always exactly one audio listener in the scene.
There are 2 audio listeners in the scene. Please ensure there is always exactly one audio listener in the scene.
There are 2 audio listeners in the scene. Please ensure there is always exactly one audio listener in the scene.
There are 2 audio listeners in the scene. Please ensure there is always exactly one audio listener in the scene.
There are 2 audio listeners in the scene. Please ensure there is always exactly one audio listener in the scene.
There are 2 audio listeners in the scene. Please ensure there is always exactly one audio listener in the scene.
There are 2 audio listeners in the scene. Please ensure there is always exactly one audio listener in the scene.
There are 2 audio listeners in the scene. Please ensure there is always exactly one audio listener in the scene.
There are 2 audio listeners in the scene. Please ensure there is always exactly one audio listener in the scene.
There are 2 audio listeners in the scene. Please ensure there is always exactly one audio listener in the scene.
There are 2 audio listeners in the scene. Please ensure there is always exactly one audio listener in the scene.
There are 2 audio listeners in the scene. Please ensure there is always exactly one audio listener in the scene.
There are 2 audio listeners in the scene. Please ensure there is always exactly one audio listener in the scene.
There are 2 audio listeners in the scene. Please ensure there is always exactly one audio listener in the scene.
There are 2 audio listeners in the scene. Please ensure there is always exactly one audio listener in the scene.
There are 2 audio listeners in the scene. Please ensure there is always exactly one audio listener in the scene.
There are 2 audio listeners in the scene. Please ensure there is always exactly one audio listener in the scene.
There are 2 audio listeners in the scene. Please ensure there is always exactly one audio listener in the scene.
There are 2 audio listeners in the scene. Please ensure there is always exactly one audio listener in the scene.
There are 2 audio listeners in the scene. Please ensure there is always exactly one audio listener in the scene.
There are 2 audio listeners in the scene. Please ensure there is always exactly one audio listener in the scene.
There are 2 audio listeners in the scene. Please ensure there is always exactly one audio listener in the scene.
There are 2 audio listeners in the scene. Please ensure there is always exactly one audio listener in the scene.
There are 2 audio listeners in the scene. Please ensure there is always exactly one audio listener in the scene.
There are 2 audio listeners in the scene. Please ensure there is always exactly one audio listener in the scene.
There are 2 audio listeners in the scene. Please ensure there is always exactly one audio listener in the scene.
There are 2 audio listeners in the scene. Please ensure there is always exactly one audio listener in the scene.
There are 2 audio listeners in the scene. Please ensure there is always exactly one audio listener in the scene.
There are 2 audio listeners in the scene. Please ensure there is always exactly one audio listener in the scene.
There are 2 audio listeners in the scene. Please ensure there is always exactly one audio listener in the scene.
There are 2 audio listeners in the scene. Please ensure there is always exactly one audio listener in the scene.
There are 2 audio listeners in the scene. Please ensure there is always exactly one audio listener in the scene.
There are 2 audio listeners in the scene. Please ensure there is always exactly one audio listener in the scene.
There are 2 audio listeners in the scene. Please ensure there is always exactly one audio listener in the scene.
There are 2 audio listeners in the scene. Please ensure there is always exactly one audio listener in the scene.
There are 2 audio listeners in the scene. Please ensure there is always exactly one audio listener in the scene.
There are 2 audio listeners in the scene. Please ensure there is always exactly one audio listener in the scene.
There are 2 audio listeners in the scene. Please ensure there is always exactly one audio listener in the scene.
There are 2 audio listeners in the scene. Please ensure there is always exactly one audio listener in the scene.
There are 2 audio listeners in the scene. Please ensure there is always exactly one audio listener in the scene.
There are 2 audio listeners in the scene. Please ensure there is always exactly one audio listener in the scene.
There are 2 audio listeners in the scene. Please ensure there is always exactly one audio listener in the scene.
There are 2 audio listeners in the scene. Please ensure there is always exactly one audio listener in the scene.
There are 2 audio listeners in the scene. Please ensure there is always exactly one audio listener in the scene.
There are 2 audio listeners in the scene. Please ensure there is always exactly one audio listener in the scene.
There are 2 audio listeners in the scene. Please ensure there is always exactly one audio listener in the scene.
There are 2 audio listeners in the scene. Please ensure there is always exactly one audio listener in the scene.
There are 2 audio listeners in the scene. Please ensure there is always exactly one audio listener in the scene.
There are 2 audio listeners in the scene. Please ensure there is always exactly one audio listener in the scene.
There are 2 audio listeners in the scene. Please ensure there is always exactly one audio listener in the scene.
There are 2 audio listeners in the scene. Please ensure there is always exactly one audio listener in the scene.
There are 2 audio listeners in the scene. Please ensure there is always exactly one audio listener in the scene.
There are 2 audio listeners in the scene. Please ensure there is always exactly one audio listener in the scene.
There are 2 audio listeners in the scene. Please ensure there is always exactly one audio listener in the scene.
There are 2 audio listeners in the scene. Please ensure there is always exactly one audio listener in the scene.
There are 2 audio listeners in the scene. Please ensure there is always exactly one audio listener in the scene.
There are 2 audio listeners in the scene. Please ensure there is always exactly one audio listener in the scene.
There are 2 audio listeners in the scene. Please ensure there is always exactly one audio listener in the scene.
There are 2 audio listeners in the scene. Please ensure there is always exactly one audio listener in the scene.
There are 2 audio listeners in the scene. Please ensure there is always exactly one audio listener in the scene.
There are 2 audio listeners in the scene. Please ensure there is always exactly one audio listener in the scene.
There are 2 audio listeners in the scene. Please ensure there is always exactly one audio listener in the scene.
There are 2 audio listeners in the scene. Please ensure there is always exactly one audio listener in the scene.
There are 2 audio listeners in the scene. Please ensure there is always exactly one audio listener in the scene.
There are 2 audio listeners in the scene. Please ensure there is always exactly one audio listener in the scene.
There are 2 audio listeners in the scene. Please ensure there is always exactly one audio listener in the scene.
There are 2 audio listeners in the scene. Please ensure there is always exactly one audio listener in the scene.
There are 2 audio listeners in the scene. Please ensure there is always exactly one audio listener in the scene.
There are 2 audio listeners in the scene. Please ensure there is always exactly one audio listener in the scene.
There are 2 audio listeners in the scene. Please ensure there is always exactly one audio listener in the scene.
There are 2 audio listeners in the scene. Please ensure there is always exactly one audio listener in the scene.
There are 2 audio listeners in the scene. Please ensure there is always exactly one audio listener in the scene.
There are 2 audio listeners in the scene. Please ensure there is always exactly one audio listener in the scene.
There are 2 audio listeners in the scene. Please ensure there is always exactly one audio listener in the scene.
There are 2 audio listeners in the scene. Please ensure there is always exactly one audio listener in the scene.
There are 2 audio listeners in the scene. Please ensure there is always exactly one audio listener in the scene.
There are 2 audio listeners in the scene. Please ensure there is always exactly one audio listener in the scene.
There are 2 audio listeners in the scene. Please ensure there is always exactly one audio listener in the scene.
There are 2 audio listeners in the scene. Please ensure there is always exactly one audio listener in the scene.
There are 2 audio listeners in the scene. Please ensure there is always exactly one audio listener in the scene.
There are 2 audio listeners in the scene. Please ensure there is always exactly one audio listener in the scene.
There are 2 audio listeners in the scene. Please ensure there is always exactly one audio listener in the scene.
There are 2 audio listeners in the scene. Please ensure there is always exactly one audio listener in the scene.
There are 2 audio listeners in the scene. Please ensure there is always exactly one audio listener in the scene.
There are 2 audio listeners in the scene. Please ensure there is always exactly one audio listener in the scene.
There are 2 audio listeners in the scene. Please ensure there is always exactly one audio listener in the scene.
There are 2 audio listeners in the scene. Please ensure there is always exactly one audio listener in the scene.
There are 2 audio listeners in the scene. Please ensure there is always exactly one audio listener in the scene.
There are 2 audio listeners in the scene. Please ensure there is always exactly one audio listener in the scene.
There are 2 audio listeners in the scene. Please ensure there is always exactly one audio listener in the scene.
There are 2 audio listeners in the scene. Please ensure there is always exactly one audio listener in the scene.
There are 2 audio listeners in the scene. Please ensure there is always exactly one audio listener in the scene.
There are 2 audio listeners in the scene. Please ensure there is always exactly one audio listener in the scene.
There are 2 audio listeners in the scene. Please ensure there is always exactly one audio listener in the scene.
There are 2 audio listeners in the scene. Please ensure there is always exactly one audio listener in the scene.
There are 2 audio listeners in the scene. Please ensure there is always exactly one audio listener in the scene.
There are 2 audio listeners in the scene. Please ensure there is always exactly one audio listener in the scene.
There are 2 audio listeners in the scene. Please ensure there is always exactly one audio listener in the scene.
There are 2 audio listeners in the scene. Please ensure there is always exactly one audio listener in the scene.
There are 2 audio listeners in the scene. Please ensure there is always exactly one audio listener in the scene.
There are 2 audio listeners in the scene. Please ensure there is always exactly one audio listener in the scene.
There are 2 audio listeners in the scene. Please ensure there is always exactly one audio listener in the scene.
There are 2 audio listeners in the scene. Please ensure there is always exactly one audio listener in the scene.
There are 2 audio listeners in the scene. Please ensure there is always exactly one audio listener in the scene.
There are 2 audio listeners in the scene. Please ensure there is always exactly one audio listener in the scene.
There are 2 audio listeners in the scene. Please ensure there is always exactly one audio listener in the scene.
There are 2 audio listeners in the scene. Please ensure there is always exactly one audio listener in the scene.
There are 2 audio listeners in the scene. Please ensure there is always exactly one audio listener in the scene.
There are 2 audio listeners in the scene. Please ensure there is always exactly one audio listener in the scene.
There are 2 audio listeners in the scene. Please ensure there is always exactly one audio listener in the scene.
There are 2 audio listeners in the scene. Please ensure there is always exactly one audio listener in the scene.
There are 2 audio listeners in the scene. Please ensure there is always exactly one audio listener in the scene.
There are 2 audio listeners in the scene. Please ensure there is always exactly one audio listener in the scene.
There are 2 audio listeners in the scene. Please ensure there is always exactly one audio listener in the scene.
There are 2 audio listeners in the scene. Please ensure there is always exactly one audio listener in the scene.
There are 2 audio listeners in the scene. Please ensure there is always exactly one audio listener in the scene.
There are 2 audio listeners in the scene. Please ensure there is always exactly one audio listener in the scene.
There are 2 audio listeners in the scene. Please ensure there is always exactly one audio listener in the scene.
There are 2 audio listeners in the scene. Please ensure there is always exactly one audio listener in the scene.
There are 2 audio listeners in the scene. Please ensure there is always exactly one audio listener in the scene.
There are 2 audio listeners in the scene. Please ensure there is always exactly one audio listener in the scene.
There are 2 audio listeners in the scene. Please ensure there is always exactly one audio listener in the scene.
There are 2 audio listeners in the scene. Please ensure there is always exactly one audio listener in the scene.
There are 2 audio listeners in the scene. Please ensure there is always exactly one audio listener in the scene.
There are 2 audio listeners in the scene. Please ensure there is always exactly one audio listener in the scene.
There are 2 audio listeners in the scene. Please ensure there is always exactly one audio listener in the scene.
There are 2 audio listeners in the scene. Please ensure there is always exactly one audio listener in the scene.
There are 2 audio listeners in the scene. Please ensure there is always exactly one audio listener in the scene.
There are 2 audio listeners in the scene. Please ensure there is always exactly one audio listener in the scene.
There are 2 audio listeners in the scene. Please ensure there is always exactly one audio listener in the scene.
There are 2 audio listeners in the scene. Please ensure there is always exactly one audio listener in the scene.
There are 2 audio listeners in the scene. Please ensure there is always exactly one audio listener in the scene.
There are 2 audio listeners in the scene. Please ensure there is always exactly one audio listener in the scene.
There are 2 audio listeners in the scene. Please ensure there is always exactly one audio listener in the scene.
There are 2 audio listeners in the scene. Please ensure there is always exactly one audio listener in the scene.
There are 2 audio listeners in the scene. Please ensure there is always exactly one audio listener in the scene.
There are 2 audio listeners in the scene. Please ensure there is always exactly one audio listener in the scene.
There are 2 audio listeners in the scene. Please ensure there is always exactly one audio listener in the scene.
There are 2 audio listeners in the scene. Please ensure there is always exactly one audio listener in the scene.
There are 2 audio listeners in the scene. Please ensure there is always exactly one audio listener in the scene.
There are 2 audio listeners in the scene. Please ensure there is always exactly one audio listener in the scene.
There are 2 audio listeners in the scene. Please ensure there is always exactly one audio listener in the scene.
There are 2 audio listeners in the scene. Please ensure there is always exactly one audio listener in the scene.
There are 2 audio listeners in the scene. Please ensure there is always exactly one audio listener in the scene.
There are 2 audio listeners in the scene. Please ensure there is always exactly one audio listener in the scene.
There are 2 audio listeners in the scene. Please ensure there is always exactly one audio listener in the scene.
There are 2 audio listeners in the scene. Please ensure there is always exactly one audio listener in the scene.
There are 2 audio listeners in the scene. Please ensure there is always exactly one audio listener in the scene.
There are 2 audio listeners in the scene. Please ensure there is always exactly one audio listener in the scene.
There are 2 audio listeners in the scene. Please ensure there is always exactly one audio listener in the scene.
There are 2 audio listeners in the scene. Please ensure there is always exactly one audio listener in the scene.
There are 2 audio listeners in the scene. Please ensure there is always exactly one audio listener in the scene.
There are 2 audio listeners in the scene. Please ensure there is always exactly one audio listener in the scene.
There are 2 audio listeners in the scene. Please ensure there is always exactly one audio listener in the scene.
There are 2 audio listeners in the scene. Please ensure there is always exactly one audio listener in the scene.
There are 2 audio listeners in the scene. Please ensure there is always exactly one audio listener in the scene.
There are 2 audio listeners in the scene. Please ensure there is always exactly one audio listener in the scene.
There are 2 audio listeners in the scene. Please ensure there is always exactly one audio listener in the scene.
There are 2 audio listeners in the scene. Please ensure there is always exactly one audio listener in the scene.
There are 2 audio listeners in the scene. Please ensure there is always exactly one audio listener in the scene.
There are 2 audio listeners in the scene. Please ensure there is always exactly one audio listener in the scene.
There are 2 audio listeners in the scene. Please ensure there is always exactly one audio listener in the scene.
There are 2 audio listeners in the scene. Please ensure there is always exactly one audio listener in the scene.
There are 2 audio listeners in the scene. Please ensure there is always exactly one audio listener in the scene.
There are 2 audio listeners in the scene. Please ensure there is always exactly one audio listener in the scene.
There are 2 audio listeners in the scene. Please ensure there is always exactly one audio listener in the scene.
There are 2 audio listeners in the scene. Please ensure there is always exactly one audio listener in the scene.
There are 2 audio listeners in the scene. Please ensure there is always exactly one audio listener in the scene.
There are 2 audio listeners in the scene. Please ensure there is always exactly one audio listener in the scene.
There are 2 audio listeners in the scene. Please ensure there is always exactly one audio listener in the scene.
There are 2 audio listeners in the scene. Please ensure there is always exactly one audio listener in the scene.
There are 2 audio listeners in the scene. Please ensure there is always exactly one audio listener in the scene.
There are 2 audio listeners in the scene. Please ensure there is always exactly one audio listener in the scene.
There are 2 audio listeners in the scene. Please ensure there is always exactly one audio listener in the scene.
There are 2 audio listeners in the scene. Please ensure there is always exactly one audio listener in the scene.
There are 2 audio listeners in the scene. Please ensure there is always exactly one audio listener in the scene.
There are 2 audio listeners in the scene. Please ensure there is always exactly one audio listener in the scene.
There are 2 audio listeners in the scene. Please ensure there is always exactly one audio listener in the scene.
There are 2 audio listeners in the scene. Please ensure there is always exactly one audio listener in the scene.
There are 2 audio listeners in the scene. Please ensure there is always exactly one audio listener in the scene.
There are 2 audio listeners in the scene. Please ensure there is always exactly one audio listener in the scene.
There are 2 audio listeners in the scene. Please ensure there is always exactly one audio listener in the scene.
There are 2 audio listeners in the scene. Please ensure there is always exactly one audio listener in the scene.
There are 2 audio listeners in the scene. Please ensure there is always exactly one audio listener in the scene.
There are 2 audio listeners in the scene. Please ensure there is always exactly one audio listener in the scene.
There are 2 audio listeners in the scene. Please ensure there is always exactly one audio listener in the scene.
There are 2 audio listeners in the scene. Please ensure there is always exactly one audio listener in the scene.
There are 2 audio listeners in the scene. Please ensure there is always exactly one audio listener in the scene.
There are 2 audio listeners in the scene. Please ensure there is always exactly one audio listener in the scene.
There are 2 audio listeners in the scene. Please ensure there is always exactly one audio listener in the scene.
There are 2 audio listeners in the scene. Please ensure there is always exactly one audio listener in the scene.
There are 2 audio listeners in the scene. Please ensure there is always exactly one audio listener in the scene.
There are 2 audio listeners in the scene. Please ensure there is always exactly one audio listener in the scene.
There are 2 audio listeners in the scene. Please ensure there is always exactly one audio listener in the scene.
There are 2 audio listeners in the scene. Please ensure there is always exactly one audio listener in the scene.
There are 2 audio listeners in the scene. Please ensure there is always exactly one audio listener in the scene.
There are 2 audio listeners in the scene. Please ensure there is always exactly one audio listener in the scene.
There are 2 audio listeners in the scene. Please ensure there is always exactly one audio listener in the scene.
There are 2 audio listeners in the scene. Please ensure there is always exactly one audio listener in the scene.
There are 2 audio listeners in the scene. Please ensure there is always exactly one audio listener in the scene.
There are 2 audio listeners in the scene. Please ensure there is always exactly one audio listener in the scene.
There are 2 audio listeners in the scene. Please ensure there is always exactly one audio listener in the scene.
There are 2 audio listeners in the scene. Please ensure there is always exactly one audio listener in the scene.
There are 2 audio listeners in the scene. Please ensure there is always exactly one audio listener in the scene.
There are 2 audio listeners in the scene. Please ensure there is always exactly one audio listener in the scene.
There are 2 audio listeners in the scene. Please ensure there is always exactly one audio listener in the scene.
There are 2 audio listeners in the scene. Please ensure there is always exactly one audio listener in the scene.
There are 2 audio listeners in the scene. Please ensure there is always exactly one audio listener in the scene.
There are 2 audio listeners in the scene. Please ensure there is always exactly one audio listener in the scene.
There are 2 audio listeners in the scene. Please ensure there is always exactly one audio listener in the scene.
There are 2 audio listeners in the scene. Please ensure there is always exactly one audio listener in the scene.
There are 2 audio listeners in the scene. Please ensure there is always exactly one audio listener in the scene.
There are 2 audio listeners in the scene. Please ensure there is always exactly one audio listener in the scene.
There are 2 audio listeners in the scene. Please ensure there is always exactly one audio listener in the scene.
There are 2 audio listeners in the scene. Please ensure there is always exactly one audio listener in the scene.
There are 2 audio listeners in the scene. Please ensure there is always exactly one audio listener in the scene.
There are 2 audio listeners in the scene. Please ensure there is always exactly one audio listener in the scene.
There are 2 audio listeners in the scene. Please ensure there is always exactly one audio listener in the scene.
There are 2 audio listeners in the scene. Please ensure there is always exactly one audio listener in the scene.
There are 2 audio listeners in the scene. Please ensure there is always exactly one audio listener in the scene.
There are 2 audio listeners in the scene. Please ensure there is always exactly one audio listener in the scene.
There are 2 audio listeners in the scene. Please ensure there is always exactly one audio listener in the scene.
There are 2 audio listeners in the scene. Please ensure there is always exactly one audio listener in the scene.
There are 2 audio listeners in the scene. Please ensure there is always exactly one audio listener in the scene.
There are 2 audio listeners in the scene. Please ensure there is always exactly one audio listener in the scene.
There are 2 audio listeners in the scene. Please ensure there is always exactly one audio listener in the scene.
There are 2 audio listeners in the scene. Please ensure there is always exactly one audio listener in the scene.
There are 2 audio listeners in the scene. Please ensure there is always exactly one audio listener in the scene.
There are 2 audio listeners in the scene. Please ensure there is always exactly one audio listener in the scene.
There are 2 audio listeners in the scene. Please ensure there is always exactly one audio listener in the scene.
There are 2 audio listeners in the scene. Please ensure there is always exactly one audio listener in the scene.
There are 2 audio listeners in the scene. Please ensure there is always exactly one audio listener in the scene.
There are 2 audio listeners in the scene. Please ensure there is always exactly one audio listener in the scene.
There are 2 audio listeners in the scene. Please ensure there is always exactly one audio listener in the scene.
There are 2 audio listeners in the scene. Please ensure there is always exactly one audio listener in the scene.
There are 2 audio listeners in the scene. Please ensure there is always exactly one audio listener in the scene.
There are 2 audio listeners in the scene. Please ensure there is always exactly one audio listener in the scene.
There are 2 audio listeners in the scene. Please ensure there is always exactly one audio listener in the scene.
There are 2 audio listeners in the scene. Please ensure there is always exactly one audio listener in the scene.
There are 2 audio listeners in the scene. Please ensure there is always exactly one audio listener in the scene.
There are 2 audio listeners in the scene. Please ensure there is always exactly one audio listener in the scene.
There are 2 audio listeners in the scene. Please ensure there is always exactly one audio listener in the scene.
There are 2 audio listeners in the scene. Please ensure there is always exactly one audio listener in the scene.
There are 2 audio listeners in the scene. Please ensure there is always exactly one audio listener in the scene.
There are 2 audio listeners in the scene. Please ensure there is always exactly one audio listener in the scene.
There are 2 audio listeners in the scene. Please ensure there is always exactly one audio listener in the scene.
There are 2 audio listeners in the scene. Please ensure there is always exactly one audio listener in the scene.
There are 2 audio listeners in the scene. Please ensure there is always exactly one audio listener in the scene.
There are 2 audio listeners in the scene. Please ensure there is always exactly one audio listener in the scene.
There are 2 audio listeners in the scene. Please ensure there is always exactly one audio listener in the scene.
There are 2 audio listeners in the scene. Please ensure there is always exactly one audio listener in the scene.
There are 2 audio listeners in the scene. Please ensure there is always exactly one audio listener in the scene.
There are 2 audio listeners in the scene. Please ensure there is always exactly one audio listener in the scene.
There are 2 audio listeners in the scene. Please ensure there is always exactly one audio listener in the scene.
There are 2 audio listeners in the scene. Please ensure there is always exactly one audio listener in the scene.
There are 2 audio listeners in the scene. Please ensure there is always exactly one audio listener in the scene.
There are 2 audio listeners in the scene. Please ensure there is always exactly one audio listener in the scene.
There are 2 audio listeners in the scene. Please ensure there is always exactly one audio listener in the scene.
There are 2 audio listeners in the scene. Please ensure there is always exactly one audio listener in the scene.
There are 2 audio listeners in the scene. Please ensure there is always exactly one audio listener in the scene.
There are 2 audio listeners in the scene. Please ensure there is always exactly one audio listener in the scene.
There are 2 audio listeners in the scene. Please ensure there is always exactly one audio listener in the scene.
There are 2 audio listeners in the scene. Please ensure there is always exactly one audio listener in the scene.
There are 2 audio listeners in the scene. Please ensure there is always exactly one audio listener in the scene.
There are 2 audio listeners in the scene. Please ensure there is always exactly one audio listener in the scene.
There are 2 audio listeners in the scene. Please ensure there is always exactly one audio listener in the scene.
There are 2 audio listeners in the scene. Please ensure there is always exactly one audio listener in the scene.
There are 2 audio listeners in the scene. Please ensure there is always exactly one audio listener in the scene.
There are 2 audio listeners in the scene. Please ensure there is always exactly one audio listener in the scene.
There are 2 audio listeners in the scene. Please ensure there is always exactly one audio listener in the scene.
There are 2 audio listeners in the scene. Please ensure there is always exactly one audio listener in the scene.
There are 2 audio listeners in the scene. Please ensure there is always exactly one audio listener in the scene.
There are 2 audio listeners in the scene. Please ensure there is always exactly one audio listener in the scene.
There are 2 audio listeners in the scene. Please ensure there is always exactly one audio listener in the scene.
There are 2 audio listeners in the scene. Please ensure there is always exactly one audio listener in the scene.
There are 2 audio listeners in the scene. Please ensure there is always exactly one audio listener in the scene.
There are 2 audio listeners in the scene. Please ensure there is always exactly one audio listener in the scene.
There are 2 audio listeners in the scene. Please ensure there is always exactly one audio listener in the scene.
There are 2 audio listeners in the scene. Please ensure there is always exactly one audio listener in the scene.
There are 2 audio listeners in the scene. Please ensure there is always exactly one audio listener in the scene.
There are 2 audio listeners in the scene. Please ensure there is always exactly one audio listener in the scene.
There are 2 audio listeners in the scene. Please ensure there is always exactly one audio listener in the scene.
There are 2 audio listeners in the scene. Please ensure there is always exactly one audio listener in the scene.
There are 2 audio listeners in the scene. Please ensure there is always exactly one audio listener in the scene.
There are 2 audio listeners in the scene. Please ensure there is always exactly one audio listener in the scene.
There are 2 audio listeners in the scene. Please ensure there is always exactly one audio listener in the scene.
There are 2 audio listeners in the scene. Please ensure there is always exactly one audio listener in the scene.
There are 2 audio listeners in the scene. Please ensure there is always exactly one audio listener in the scene.
There are 2 audio listeners in the scene. Please ensure there is always exactly one audio listener in the scene.
There are 2 audio listeners in the scene. Please ensure there is always exactly one audio listener in the scene.
There are 2 audio listeners in the scene. Please ensure there is always exactly one audio listener in the scene.
There are 2 audio listeners in the scene. Please ensure there is always exactly one audio listener in the scene.
There are 2 audio listeners in the scene. Please ensure there is always exactly one audio listener in the scene.
There are 2 audio listeners in the scene. Please ensure there is always exactly one audio listener in the scene.
There are 2 audio listeners in the scene. Please ensure there is always exactly one audio listener in the scene.
There are 2 audio listeners in the scene. Please ensure there is always exactly one audio listener in the scene.
There are 2 audio listeners in the scene. Please ensure there is always exactly one audio listener in the scene.
There are 2 audio listeners in the scene. Please ensure there is always exactly one audio listener in the scene.
There are 2 audio listeners in the scene. Please ensure there is always exactly one audio listener in the scene.
There are 2 audio listeners in the scene. Please ensure there is always exactly one audio listener in the scene.
There are 2 audio listeners in the scene. Please ensure there is always exactly one audio listener in the scene.
There are 2 audio listeners in the scene. Please ensure there is always exactly one audio listener in the scene.
There are 2 audio listeners in the scene. Please ensure there is always exactly one audio listener in the scene.
There are 2 audio listeners in the scene. Please ensure there is always exactly one audio listener in the scene.
There are 2 audio listeners in the scene. Please ensure there is always exactly one audio listener in the scene.
There are 2 audio listeners in the scene. Please ensure there is always exactly one audio listener in the scene.
There are 2 audio listeners in the scene. Please ensure there is always exactly one audio listener in the scene.
There are 2 audio listeners in the scene. Please ensure there is always exactly one audio listener in the scene.
There are 2 audio listeners in the scene. Please ensure there is always exactly one audio listener in the scene.
There are 2 audio listeners in the scene. Please ensure there is always exactly one audio listener in the scene.
There are 2 audio listeners in the scene. Please ensure there is always exactly one audio listener in the scene.
There are 2 audio listeners in the scene. Please ensure there is always exactly one audio listener in the scene.
There are 2 audio listeners in the scene. Please ensure there is always exactly one audio listener in the scene.
There are 2 audio listeners in the scene. Please ensure there is always exactly one audio listener in the scene.
There are 2 audio listeners in the scene. Please ensure there is always exactly one audio listener in the scene.
There are 2 audio listeners in the scene. Please ensure there is always exactly one audio listener in the scene.
There are 2 audio listeners in the scene. Please ensure there is always exactly one audio listener in the scene.
There are 2 audio listeners in the scene. Please ensure there is always exactly one audio listener in the scene.
There are 2 audio listeners in the scene. Please ensure there is always exactly one audio listener in the scene.
There are 2 audio listeners in the scene. Please ensure there is always exactly one audio listener in the scene.
There are 2 audio listeners in the scene. Please ensure there is always exactly one audio listener in the scene.
There are 2 audio listeners in the scene. Please ensure there is always exactly one audio listener in the scene.
There are 2 audio listeners in the scene. Please ensure there is always exactly one audio listener in the scene.
There are 2 audio listeners in the scene. Please ensure there is always exactly one audio listener in the scene.
There are 2 audio listeners in the scene. Please ensure there is always exactly one audio listener in the scene.
There are 2 audio listeners in the scene. Please ensure there is always exactly one audio listener in the scene.
There are 2 audio listeners in the scene. Please ensure there is always exactly one audio listener in the scene.
There are 2 audio listeners in the scene. Please ensure there is always exactly one audio listener in the scene.
There are 2 audio listeners in the scene. Please ensure there is always exactly one audio listener in the scene.
There are 2 audio listeners in the scene. Please ensure there is always exactly one audio listener in the scene.
There are 2 audio listeners in the scene. Please ensure there is always exactly one audio listener in the scene.
There are 2 audio listeners in the scene. Please ensure there is always exactly one audio listener in the scene.
There are 2 audio listeners in the scene. Please ensure there is always exactly one audio listener in the scene.
There are 2 audio listeners in the scene. Please ensure there is always exactly one audio listener in the scene.
There are 2 audio listeners in the scene. Please ensure there is always exactly one audio listener in the scene.
There are 2 audio listeners in the scene. Please ensure there is always exactly one audio listener in the scene.
There are 2 audio listeners in the scene. Please ensure there is always exactly one audio listener in the scene.
There are 2 audio listeners in the scene. Please ensure there is always exactly one audio listener in the scene.
There are 2 audio listeners in the scene. Please ensure there is always exactly one audio listener in the scene.
There are 2 audio listeners in the scene. Please ensure there is always exactly one audio listener in the scene.
There are 2 audio listeners in the scene. Please ensure there is always exactly one audio listener in the scene.
There are 2 audio listeners in the scene. Please ensure there is always exactly one audio listener in the scene.
There are 2 audio listeners in the scene. Please ensure there is always exactly one audio listener in the scene.
There are 2 audio listeners in the scene. Please ensure there is always exactly one audio listener in the scene.
There are 2 audio listeners in the scene. Please ensure there is always exactly one audio listener in the scene.
There are 2 audio listeners in the scene. Please ensure there is always exactly one audio listener in the scene.
There are 2 audio listeners in the scene. Please ensure there is always exactly one audio listener in the scene.
There are 2 audio listeners in the scene. Please ensure there is always exactly one audio listener in the scene.
There are 2 audio listeners in the scene. Please ensure there is always exactly one audio listener in the scene.
There are 2 audio listeners in the scene. Please ensure there is always exactly one audio listener in the scene.
There are 2 audio listeners in the scene. Please ensure there is always exactly one audio listener in the scene.
There are 2 audio listeners in the scene. Please ensure there is always exactly one audio listener in the scene.
There are 2 audio listeners in the scene. Please ensure there is always exactly one audio listener in the scene.
There are 2 audio listeners in the scene. Please ensure there is always exactly one audio listener in the scene.
There are 2 audio listeners in the scene. Please ensure there is always exactly one audio listener in the scene.
There are 2 audio listeners in the scene. Please ensure there is always exactly one audio listener in the scene.
There are 2 audio listeners in the scene. Please ensure there is always exactly one audio listener in the scene.
There are 2 audio listeners in the scene. Please ensure there is always exactly one audio listener in the scene.
There are 2 audio listeners in the scene. Please ensure there is always exactly one audio listener in the scene.
There are 2 audio listeners in the scene. Please ensure there is always exactly one audio listener in the scene.
There are 2 audio listeners in the scene. Please ensure there is always exactly one audio listener in the scene.
There are 2 audio listeners in the scene. Please ensure there is always exactly one audio listener in the scene.
There are 2 audio listeners in the scene. Please ensure there is always exactly one audio listener in the scene.
There are 2 audio listeners in the scene. Please ensure there is always exactly one audio listener in the scene.
There are 2 audio listeners in the scene. Please ensure there is always exactly one audio listener in the scene.
There are 2 audio listeners in the scene. Please ensure there is always exactly one audio listener in the scene.
There are 2 audio listeners in the scene. Please ensure there is always exactly one audio listener in the scene.
There are 2 audio listeners in the scene. Please ensure there is always exactly one audio listener in the scene.
There are 2 audio listeners in the scene. Please ensure there is always exactly one audio listener in the scene.
There are 2 audio listeners in the scene. Please ensure there is always exactly one audio listener in the scene.
There are 2 audio listeners in the scene. Please ensure there is always exactly one audio listener in the scene.
There are 2 audio listeners in the scene. Please ensure there is always exactly one audio listener in the scene.
There are 2 audio listeners in the scene. Please ensure there is always exactly one audio listener in the scene.
There are 2 audio listeners in the scene. Please ensure there is always exactly one audio listener in the scene.
There are 2 audio listeners in the scene. Please ensure there is always exactly one audio listener in the scene.
There are 2 audio listeners in the scene. Please ensure there is always exactly one audio listener in the scene.
There are 2 audio listeners in the scene. Please ensure there is always exactly one audio listener in the scene.
There are 2 audio listeners in the scene. Please ensure there is always exactly one audio listener in the scene.
There are 2 audio listeners in the scene. Please ensure there is always exactly one audio listener in the scene.
There are 2 audio listeners in the scene. Please ensure there is always exactly one audio listener in the scene.
There are 2 audio listeners in the scene. Please ensure there is always exactly one audio listener in the scene.
There are 2 audio listeners in the scene. Please ensure there is always exactly one audio listener in the scene.
There are 2 audio listeners in the scene. Please ensure there is always exactly one audio listener in the scene.
There are 2 audio listeners in the scene. Please ensure there is always exactly one audio listener in the scene.
There are 2 audio listeners in the scene. Please ensure there is always exactly one audio listener in the scene.
There are 2 audio listeners in the scene. Please ensure there is always exactly one audio listener in the scene.
There are 2 audio listeners in the scene. Please ensure there is always exactly one audio listener in the scene.
There are 2 audio listeners in the scene. Please ensure there is always exactly one audio listener in the scene.
There are 2 audio listeners in the scene. Please ensure there is always exactly one audio listener in the scene.
There are 2 audio listeners in the scene. Please ensure there is always exactly one audio listener in the scene.
There are 2 audio listeners in the scene. Please ensure there is always exactly one audio listener in the scene.
There are 2 audio listeners in the scene. Please ensure there is always exactly one audio listener in the scene.
There are 2 audio listeners in the scene. Please ensure there is always exactly one audio listener in the scene.
There are 2 audio listeners in the scene. Please ensure there is always exactly one audio listener in the scene.
There are 2 audio listeners in the scene. Please ensure there is always exactly one audio listener in the scene.
There are 2 audio listeners in the scene. Please ensure there is always exactly one audio listener in the scene.
There are 2 audio listeners in the scene. Please ensure there is always exactly one audio listener in the scene.
There are 2 audio listeners in the scene. Please ensure there is always exactly one audio listener in the scene.
There are 2 audio listeners in the scene. Please ensure there is always exactly one audio listener in the scene.
There are 2 audio listeners in the scene. Please ensure there is always exactly one audio listener in the scene.
There are 2 audio listeners in the scene. Please ensure there is always exactly one audio listener in the scene.
There are 2 audio listeners in the scene. Please ensure there is always exactly one audio listener in the scene.
There are 2 audio listeners in the scene. Please ensure there is always exactly one audio listener in the scene.
There are 2 audio listeners in the scene. Please ensure there is always exactly one audio listener in the scene.
There are 2 audio listeners in the scene. Please ensure there is always exactly one audio listener in the scene.
There are 2 audio listeners in the scene. Please ensure there is always exactly one audio listener in the scene.
There are 2 audio listeners in the scene. Please ensure there is always exactly one audio listener in the scene.
There are 2 audio listeners in the scene. Please ensure there is always exactly one audio listener in the scene.
There are 2 audio listeners in the scene. Please ensure there is always exactly one audio listener in the scene.
There are 2 audio listeners in the scene. Please ensure there is always exactly one audio listener in the scene.
There are 2 audio listeners in the scene. Please ensure there is always exactly one audio listener in the scene.
There are 2 audio listeners in the scene. Please ensure there is always exactly one audio listener in the scene.
There are 2 audio listeners in the scene. Please ensure there is always exactly one audio listener in the scene.
There are 2 audio listeners in the scene. Please ensure there is always exactly one audio listener in the scene.
There are 2 audio listeners in the scene. Please ensure there is always exactly one audio listener in the scene.
There are 2 audio listeners in the scene. Please ensure there is always exactly one audio listener in the scene.
There are 2 audio listeners in the scene. Please ensure there is always exactly one audio listener in the scene.
There are 2 audio listeners in the scene. Please ensure there is always exactly one audio listener in the scene.
There are 2 audio listeners in the scene. Please ensure there is always exactly one audio listener in the scene.
There are 2 audio listeners in the scene. Please ensure there is always exactly one audio listener in the scene.
There are 2 audio listeners in the scene. Please ensure there is always exactly one audio listener in the scene.
There are 2 audio listeners in the scene. Please ensure there is always exactly one audio listener in the scene.
There are 2 audio listeners in the scene. Please ensure there is always exactly one audio listener in the scene.
There are 2 audio listeners in the scene. Please ensure there is always exactly one audio listener in the scene.
There are 2 audio listeners in the scene. Please ensure there is always exactly one audio listener in the scene.
There are 2 audio listeners in the scene. Please ensure there is always exactly one audio listener in the scene.
There are 2 audio listeners in the scene. Please ensure there is always exactly one audio listener in the scene.
There are 2 audio listeners in the scene. Please ensure there is always exactly one audio listener in the scene.
There are 2 audio listeners in the scene. Please ensure there is always exactly one audio listener in the scene.
There are 2 audio listeners in the scene. Please ensure there is always exactly one audio listener in the scene.
There are 2 audio listeners in the scene. Please ensure there is always exactly one audio listener in the scene.
There are 2 audio listeners in the scene. Please ensure there is always exactly one audio listener in the scene.
There are 2 audio listeners in the scene. Please ensure there is always exactly one audio listener in the scene.
There are 2 audio listeners in the scene. Please ensure there is always exactly one audio listener in the scene.
There are 2 audio listeners in the scene. Please ensure there is always exactly one audio listener in the scene.
There are 2 audio listeners in the scene. Please ensure there is always exactly one audio listener in the scene.
There are 2 audio listeners in the scene. Please ensure there is always exactly one audio listener in the scene.
There are 2 audio listeners in the scene. Please ensure there is always exactly one audio listener in the scene.
There are 2 audio listeners in the scene. Please ensure there is always exactly one audio listener in the scene.
There are 2 audio listeners in the scene. Please ensure there is always exactly one audio listener in the scene.
There are 2 audio listeners in the scene. Please ensure there is always exactly one audio listener in the scene.
There are 2 audio listeners in the scene. Please ensure there is always exactly one audio listener in the scene.
There are 2 audio listeners in the scene. Please ensure there is always exactly one audio listener in the scene.
There are 2 audio listeners in the scene. Please ensure there is always exactly one audio listener in the scene.
There are 2 audio listeners in the scene. Please ensure there is always exactly one audio listener in the scene.
There are 2 audio listeners in the scene. Please ensure there is always exactly one audio listener in the scene.
There are 2 audio listeners in the scene. Please ensure there is always exactly one audio listener in the scene.
There are 2 audio listeners in the scene. Please ensure there is always exactly one audio listener in the scene.
There are 2 audio listeners in the scene. Please ensure there is always exactly one audio listener in the scene.
There are 2 audio listeners in the scene. Please ensure there is always exactly one audio listener in the scene.
There are 2 audio listeners in the scene. Please ensure there is always exactly one audio listener in the scene.
There are 2 audio listeners in the scene. Please ensure there is always exactly one audio listener in the scene.
There are 2 audio listeners in the scene. Please ensure there is always exactly one audio listener in the scene.
There are 2 audio listeners in the scene. Please ensure there is always exactly one audio listener in the scene.
There are 2 audio listeners in the scene. Please ensure there is always exactly one audio listener in the scene.
There are 2 audio listeners in the scene. Please ensure there is always exactly one audio listener in the scene.
There are 2 audio listeners in the scene. Please ensure there is always exactly one audio listener in the scene.
There are 2 audio listeners in the scene. Please ensure there is always exactly one audio listener in the scene.
There are 2 audio listeners in the scene. Please ensure there is always exactly one audio listener in the scene.
There are 2 audio listeners in the scene. Please ensure there is always exactly one audio listener in the scene.
There are 2 audio listeners in the scene. Please ensure there is always exactly one audio listener in the scene.
There are 2 audio listeners in the scene. Please ensure there is always exactly one audio listener in the scene.
There are 2 audio listeners in the scene. Please ensure there is always exactly one audio listener in the scene.
There are 2 audio listeners in the scene. Please ensure there is always exactly one audio listener in the scene.
There are 2 audio listeners in the scene. Please ensure there is always exactly one audio listener in the scene.
There are 2 audio listeners in the scene. Please ensure there is always exactly one audio listener in the scene.
There are 2 audio listeners in the scene. Please ensure there is always exactly one audio listener in the scene.
There are 2 audio listeners in the scene. Please ensure there is always exactly one audio listener in the scene.
There are 2 audio listeners in the scene. Please ensure there is always exactly one audio listener in the scene.
There are 2 audio listeners in the scene. Please ensure there is always exactly one audio listener in the scene.
There are 2 audio listeners in the scene. Please ensure there is always exactly one audio listener in the scene.
There are 2 audio listeners in the scene. Please ensure there is always exactly one audio listener in the scene.
There are 2 audio listeners in the scene. Please ensure there is always exactly one audio listener in the scene.
There are 2 audio listeners in the scene. Please ensure there is always exactly one audio listener in the scene.
There are 2 audio listeners in the scene. Please ensure there is always exactly one audio listener in the scene.
There are 2 audio listeners in the scene. Please ensure there is always exactly one audio listener in the scene.
There are 2 audio listeners in the scene. Please ensure there is always exactly one audio listener in the scene.
There are 2 audio listeners in the scene. Please ensure there is always exactly one audio listener in the scene.
There are 2 audio listeners in the scene. Please ensure there is always exactly one audio listener in the scene.
There are 2 audio listeners in the scene. Please ensure there is always exactly one audio listener in the scene.
There are 2 audio listeners in the scene. Please ensure there is always exactly one audio listener in the scene.
There are 2 audio listeners in the scene. Please ensure there is always exactly one audio listener in the scene.
There are 2 audio listeners in the scene. Please ensure there is always exactly one audio listener in the scene.
There are 2 audio listeners in the scene. Please ensure there is always exactly one audio listener in the scene.
There are 2 audio listeners in the scene. Please ensure there is always exactly one audio listener in the scene.
There are 2 audio listeners in the scene. Please ensure there is always exactly one audio listener in the scene.
There are 2 audio listeners in the scene. Please ensure there is always exactly one audio listener in the scene.
There are 2 audio listeners in the scene. Please ensure there is always exactly one audio listener in the scene.
There are 2 audio listeners in the scene. Please ensure there is always exactly one audio listener in the scene.
There are 2 audio listeners in the scene. Please ensure there is always exactly one audio listener in the scene.
There are 2 audio listeners in the scene. Please ensure there is always exactly one audio listener in the scene.
There are 2 audio listeners in the scene. Please ensure there is always exactly one audio listener in the scene.
There are 2 audio listeners in the scene. Please ensure there is always exactly one audio listener in the scene.
There are 2 audio listeners in the scene. Please ensure there is always exactly one audio listener in the scene.
There are 2 audio listeners in the scene. Please ensure there is always exactly one audio listener in the scene.
There are 2 audio listeners in the scene. Please ensure there is always exactly one audio listener in the scene.
There are 2 audio listeners in the scene. Please ensure there is always exactly one audio listener in the scene.
There are 2 audio listeners in the scene. Please ensure there is always exactly one audio listener in the scene.
There are 2 audio listeners in the scene. Please ensure there is always exactly one audio listener in the scene.
There are 2 audio listeners in the scene. Please ensure there is always exactly one audio listener in the scene.
There are 2 audio listeners in the scene. Please ensure there is always exactly one audio listener in the scene.
There are 2 audio listeners in the scene. Please ensure there is always exactly one audio listener in the scene.
There are 2 audio listeners in the scene. Please ensure there is always exactly one audio listener in the scene.
There are 2 audio listeners in the scene. Please ensure there is always exactly one audio listener in the scene.
There are 2 audio listeners in the scene. Please ensure there is always exactly one audio listener in the scene.
There are 2 audio listeners in the scene. Please ensure there is always exactly one audio listener in the scene.
There are 2 audio listeners in the scene. Please ensure there is always exactly one audio listener in the scene.
There are 2 audio listeners in the scene. Please ensure there is always exactly one audio listener in the scene.
There are 2 audio listeners in the scene. Please ensure there is always exactly one audio listener in the scene.
There are 2 audio listeners in the scene. Please ensure there is always exactly one audio listener in the scene.
There are 2 audio listeners in the scene. Please ensure there is always exactly one audio listener in the scene.
There are 2 audio listeners in the scene. Please ensure there is always exactly one audio listener in the scene.
There are 2 audio listeners in the scene. Please ensure there is always exactly one audio listener in the scene.
There are 2 audio listeners in the scene. Please ensure there is always exactly one audio listener in the scene.
There are 2 audio listeners in the scene. Please ensure there is always exactly one audio listener in the scene.
There are 2 audio listeners in the scene. Please ensure there is always exactly one audio listener in the scene.
There are 2 audio listeners in the scene. Please ensure there is always exactly one audio listener in the scene.
There are 2 audio listeners in the scene. Please ensure there is always exactly one audio listener in the scene.
There are 2 audio listeners in the scene. Please ensure there is always exactly one audio listener in the scene.
There are 2 audio listeners in the scene. Please ensure there is always exactly one audio listener in the scene.
There are 2 audio listeners in the scene. Please ensure there is always exactly one audio listener in the scene.
There are 2 audio listeners in the scene. Please ensure there is always exactly one audio listener in the scene.
There are 2 audio listeners in the scene. Please ensure there is always exactly one audio listener in the scene.
There are 2 audio listeners in the scene. Please ensure there is always exactly one audio listener in the scene.
There are 2 audio listeners in the scene. Please ensure there is always exactly one audio listener in the scene.
There are 2 audio listeners in the scene. Please ensure there is always exactly one audio listener in the scene.
There are 2 audio listeners in the scene. Please ensure there is always exactly one audio listener in the scene.
There are 2 audio listeners in the scene. Please ensure there is always exactly one audio listener in the scene.
There are 2 audio listeners in the scene. Please ensure there is always exactly one audio listener in the scene.
There are 2 audio listeners in the scene. Please ensure there is always exactly one audio listener in the scene.
There are 2 audio listeners in the scene. Please ensure there is always exactly one audio listener in the scene.
There are 2 audio listeners in the scene. Please ensure there is always exactly one audio listener in the scene.
There are 2 audio listeners in the scene. Please ensure there is always exactly one audio listener in the scene.
There are 2 audio listeners in the scene. Please ensure there is always exactly one audio listener in the scene.
There are 2 audio listeners in the scene. Please ensure there is always exactly one audio listener in the scene.
There are 2 audio listeners in the scene. Please ensure there is always exactly one audio listener in the scene.
There are 2 audio listeners in the scene. Please ensure there is always exactly one audio listener in the scene.
There are 2 audio listeners in the scene. Please ensure there is always exactly one audio listener in the scene.
There are 2 audio listeners in the scene. Please ensure there is always exactly one audio listener in the scene.
There are 2 audio listeners in the scene. Please ensure there is always exactly one audio listener in the scene.
There are 2 audio listeners in the scene. Please ensure there is always exactly one audio listener in the scene.
There are 2 audio listeners in the scene. Please ensure there is always exactly one audio listener in the scene.
There are 2 audio listeners in the scene. Please ensure there is always exactly one audio listener in the scene.
There are 2 audio listeners in the scene. Please ensure there is always exactly one audio listener in the scene.
There are 2 audio listeners in the scene. Please ensure there is always exactly one audio listener in the scene.
There are 2 audio listeners in the scene. Please ensure there is always exactly one audio listener in the scene.
There are 2 audio listeners in the scene. Please ensure there is always exactly one audio listener in the scene.
There are 2 audio listeners in the scene. Please ensure there is always exactly one audio listener in the scene.
There are 2 audio listeners in the scene. Please ensure there is always exactly one audio listener in the scene.
There are 2 audio listeners in the scene. Please ensure there is always exactly one audio listener in the scene.
There are 2 audio listeners in the scene. Please ensure there is always exactly one audio listener in the scene.
There are 2 audio listeners in the scene. Please ensure there is always exactly one audio listener in the scene.
There are 2 audio listeners in the scene. Please ensure there is always exactly one audio listener in the scene.
There are 2 audio listeners in the scene. Please ensure there is always exactly one audio listener in the scene.
There are 2 audio listeners in the scene. Please ensure there is always exactly one audio listener in the scene.
There are 2 audio listeners in the scene. Please ensure there is always exactly one audio listener in the scene.
There are 2 audio listeners in the scene. Please ensure there is always exactly one audio listener in the scene.
There are 2 audio listeners in the scene. Please ensure there is always exactly one audio listener in the scene.
There are 2 audio listeners in the scene. Please ensure there is always exactly one audio listener in the scene.
There are 2 audio listeners in the scene. Please ensure there is always exactly one audio listener in the scene.
There are 2 audio listeners in the scene. Please ensure there is always exactly one audio listener in the scene.
There are 2 audio listeners in the scene. Please ensure there is always exactly one audio listener in the scene.
There are 2 audio listeners in the scene. Please ensure there is always exactly one audio listener in the scene.
There are 2 audio listeners in the scene. Please ensure there is always exactly one audio listener in the scene.
There are 2 audio listeners in the scene. Please ensure there is always exactly one audio listener in the scene.
There are 2 audio listeners in the scene. Please ensure there is always exactly one audio listener in the scene.
There are 2 audio listeners in the scene. Please ensure there is always exactly one audio listener in the scene.
There are 2 audio listeners in the scene. Please ensure there is always exactly one audio listener in the scene.
There are 2 audio listeners in the scene. Please ensure there is always exactly one audio listener in the scene.
There are 2 audio listeners in the scene. Please ensure there is always exactly one audio listener in the scene.
There are 2 audio listeners in the scene. Please ensure there is always exactly one audio listener in the scene.
There are 2 audio listeners in the scene. Please ensure there is always exactly one audio listener in the scene.
There are 2 audio listeners in the scene. Please ensure there is always exactly one audio listener in the scene.
There are 2 audio listeners in the scene. Please ensure there is always exactly one audio listener in the scene.
There are 2 audio listeners in the scene. Please ensure there is always exactly one audio listener in the scene.
There are 2 audio listeners in the scene. Please ensure there is always exactly one audio listener in the scene.
There are 2 audio listeners in the scene. Please ensure there is always exactly one audio listener in the scene.
There are 2 audio listeners in the scene. Please ensure there is always exactly one audio listener in the scene.
There are 2 audio listeners in the scene. Please ensure there is always exactly one audio listener in the scene.
There are 2 audio listeners in the scene. Please ensure there is always exactly one audio listener in the scene.
There are 2 audio listeners in the scene. Please ensure there is always exactly one audio listener in the scene.
There are 2 audio listeners in the scene. Please ensure there is always exactly one audio listener in the scene.
There are 2 audio listeners in the scene. Please ensure there is always exactly one audio listener in the scene.
There are 2 audio listeners in the scene. Please ensure there is always exactly one audio listener in the scene.
There are 2 audio listeners in the scene. Please ensure there is always exactly one audio listener in the scene.
There are 2 audio listeners in the scene. Please ensure there is always exactly one audio listener in the scene.
There are 2 audio listeners in the scene. Please ensure there is always exactly one audio listener in the scene.
There are 2 audio listeners in the scene. Please ensure there is always exactly one audio listener in the scene.
There are 2 audio listeners in the scene. Please ensure there is always exactly one audio listener in the scene.
There are 2 audio listeners in the scene. Please ensure there is always exactly one audio listener in the scene.
There are 2 audio listeners in the scene. Please ensure there is always exactly one audio listener in the scene.
There are 2 audio listeners in the scene. Please ensure there is always exactly one audio listener in the scene.
There are 2 audio listeners in the scene. Please ensure there is always exactly one audio listener in the scene.
There are 2 audio listeners in the scene. Please ensure there is always exactly one audio listener in the scene.
There are 2 audio listeners in the scene. Please ensure there is always exactly one audio listener in the scene.
There are 2 audio listeners in the scene. Please ensure there is always exactly one audio listener in the scene.
There are 2 audio listeners in the scene. Please ensure there is always exactly one audio listener in the scene.
There are 2 audio listeners in the scene. Please ensure there is always exactly one audio listener in the scene.
There are 2 audio listeners in the scene. Please ensure there is always exactly one audio listener in the scene.
There are 2 audio listeners in the scene. Please ensure there is always exactly one audio listener in the scene.
There are 2 audio listeners in the scene. Please ensure there is always exactly one audio listener in the scene.
There are 2 audio listeners in the scene. Please ensure there is always exactly one audio listener in the scene.
There are 2 audio listeners in the scene. Please ensure there is always exactly one audio listener in the scene.
There are 2 audio listeners in the scene. Please ensure there is always exactly one audio listener in the scene.
There are 2 audio listeners in the scene. Please ensure there is always exactly one audio listener in the scene.
There are 2 audio listeners in the scene. Please ensure there is always exactly one audio listener in the scene.
There are 2 audio listeners in the scene. Please ensure there is always exactly one audio listener in the scene.
There are 2 audio listeners in the scene. Please ensure there is always exactly one audio listener in the scene.
There are 2 audio listeners in the scene. Please ensure there is always exactly one audio listener in the scene.
There are 2 audio listeners in the scene. Please ensure there is always exactly one audio listener in the scene.
There are 2 audio listeners in the scene. Please ensure there is always exactly one audio listener in the scene.
There are 2 audio listeners in the scene. Please ensure there is always exactly one audio listener in the scene.
There are 2 audio listeners in the scene. Please ensure there is always exactly one audio listener in the scene.
There are 2 audio listeners in the scene. Please ensure there is always exactly one audio listener in the scene.
There are 2 audio listeners in the scene. Please ensure there is always exactly one audio listener in the scene.
There are 2 audio listeners in the scene. Please ensure there is always exactly one audio listener in the scene.
There are 2 audio listeners in the scene. Please ensure there is always exactly one audio listener in the scene.
There are 2 audio listeners in the scene. Please ensure there is always exactly one audio listener in the scene.
There are 2 audio listeners in the scene. Please ensure there is always exactly one audio listener in the scene.
There are 2 audio listeners in the scene. Please ensure there is always exactly one audio listener in the scene.
There are 2 audio listeners in the scene. Please ensure there is always exactly one audio listener in the scene.
There are 2 audio listeners in the scene. Please ensure there is always exactly one audio listener in the scene.
There are 2 audio listeners in the scene. Please ensure there is always exactly one audio listener in the scene.
There are 2 audio listeners in the scene. Please ensure there is always exactly one audio listener in the scene.
There are 2 audio listeners in the scene. Please ensure there is always exactly one audio listener in the scene.
There are 2 audio listeners in the scene. Please ensure there is always exactly one audio listener in the scene.
There are 2 audio listeners in the scene. Please ensure there is always exactly one audio listener in the scene.
There are 2 audio listeners in the scene. Please ensure there is always exactly one audio listener in the scene.
There are 2 audio listeners in the scene. Please ensure there is always exactly one audio listener in the scene.
There are 2 audio listeners in the scene. Please ensure there is always exactly one audio listener in the scene.
There are 2 audio listeners in the scene. Please ensure there is always exactly one audio listener in the scene.
There are 2 audio listeners in the scene. Please ensure there is always exactly one audio listener in the scene.
There are 2 audio listeners in the scene. Please ensure there is always exactly one audio listener in the scene.
There are 2 audio listeners in the scene. Please ensure there is always exactly one audio listener in the scene.
There are 2 audio listeners in the scene. Please ensure there is always exactly one audio listener in the scene.
There are 2 audio listeners in the scene. Please ensure there is always exactly one audio listener in the scene.
There are 2 audio listeners in the scene. Please ensure there is always exactly one audio listener in the scene.
There are 2 audio listeners in the scene. Please ensure there is always exactly one audio listener in the scene.
There are 2 audio listeners in the scene. Please ensure there is always exactly one audio listener in the scene.
There are 2 audio listeners in the scene. Please ensure there is always exactly one audio listener in the scene.
There are 2 audio listeners in the scene. Please ensure there is always exactly one audio listener in the scene.
There are 2 audio listeners in the scene. Please ensure there is always exactly one audio listener in the scene.
There are 2 audio listeners in the scene. Please ensure there is always exactly one audio listener in the scene.
There are 2 audio listeners in the scene. Please ensure there is always exactly one audio listener in the scene.
There are 2 audio listeners in the scene. Please ensure there is always exactly one audio listener in the scene.
There are 2 audio listeners in the scene. Please ensure there is always exactly one audio listener in the scene.
There are 2 audio listeners in the scene. Please ensure there is always exactly one audio listener in the scene.
There are 2 audio listeners in the scene. Please ensure there is always exactly one audio listener in the scene.
There are 2 audio listeners in the scene. Please ensure there is always exactly one audio listener in the scene.
There are 2 audio listeners in the scene. Please ensure there is always exactly one audio listener in the scene.
There are 2 audio listeners in the scene. Please ensure there is always exactly one audio listener in the scene.
There are 2 audio listeners in the scene. Please ensure there is always exactly one audio listener in the scene.
There are 2 audio listeners in the scene. Please ensure there is always exactly one audio listener in the scene.
There are 2 audio listeners in the scene. Please ensure there is always exactly one audio listener in the scene.
There are 2 audio listeners in the scene. Please ensure there is always exactly one audio listener in the scene.
There are 2 audio listeners in the scene. Please ensure there is always exactly one audio listener in the scene.
There are 2 audio listeners in the scene. Please ensure there is always exactly one audio listener in the scene.
There are 2 audio listeners in the scene. Please ensure there is always exactly one audio listener in the scene.
There are 2 audio listeners in the scene. Please ensure there is always exactly one audio listener in the scene.
There are 2 audio listeners in the scene. Please ensure there is always exactly one audio listener in the scene.
There are 2 audio listeners in the scene. Please ensure there is always exactly one audio listener in the scene.
There are 2 audio listeners in the scene. Please ensure there is always exactly one audio listener in the scene.
There are 2 audio listeners in the scene. Please ensure there is always exactly one audio listener in the scene.
There are 2 audio listeners in the scene. Please ensure there is always exactly one audio listener in the scene.
There are 2 audio listeners in the scene. Please ensure there is always exactly one audio listener in the scene.
There are 2 audio listeners in the scene. Please ensure there is always exactly one audio listener in the scene.
There are 2 audio listeners in the scene. Please ensure there is always exactly one audio listener in the scene.
There are 2 audio listeners in the scene. Please ensure there is always exactly one audio listener in the scene.
There are 2 audio listeners in the scene. Please ensure there is always exactly one audio listener in the scene.
There are 2 audio listeners in the scene. Please ensure there is always exactly one audio listener in the scene.
There are 2 audio listeners in the scene. Please ensure there is always exactly one audio listener in the scene.
There are 2 audio listeners in the scene. Please ensure there is always exactly one audio listener in the scene.
There are 2 audio listeners in the scene. Please ensure there is always exactly one audio listener in the scene.
There are 2 audio listeners in the scene. Please ensure there is always exactly one audio listener in the scene.
There are 2 audio listeners in the scene. Please ensure there is always exactly one audio listener in the scene.
There are 2 audio listeners in the scene. Please ensure there is always exactly one audio listener in the scene.
There are 2 audio listeners in the scene. Please ensure there is always exactly one audio listener in the scene.
There are 2 audio listeners in the scene. Please ensure there is always exactly one audio listener in the scene.
There are 2 audio listeners in the scene. Please ensure there is always exactly one audio listener in the scene.
There are 2 audio listeners in the scene. Please ensure there is always exactly one audio listener in the scene.
There are 2 audio listeners in the scene. Please ensure there is always exactly one audio listener in the scene.
There are 2 audio listeners in the scene. Please ensure there is always exactly one audio listener in the scene.
There are 2 audio listeners in the scene. Please ensure there is always exactly one audio listener in the scene.
There are 2 audio listeners in the scene. Please ensure there is always exactly one audio listener in the scene.
There are 2 audio listeners in the scene. Please ensure there is always exactly one audio listener in the scene.
There are 2 audio listeners in the scene. Please ensure there is always exactly one audio listener in the scene.
There are 2 audio listeners in the scene. Please ensure there is always exactly one audio listener in the scene.
There are 2 audio listeners in the scene. Please ensure there is always exactly one audio listener in the scene.
There are 2 audio listeners in the scene. Please ensure there is always exactly one audio listener in the scene.
There are 2 audio listeners in the scene. Please ensure there is always exactly one audio listener in the scene.
There are 2 audio listeners in the scene. Please ensure there is always exactly one audio listener in the scene.
There are 2 audio listeners in the scene. Please ensure there is always exactly one audio listener in the scene.
There are 2 audio listeners in the scene. Please ensure there is always exactly one audio listener in the scene.
There are 2 audio listeners in the scene. Please ensure there is always exactly one audio listener in the scene.
There are 2 audio listeners in the scene. Please ensure there is always exactly one audio listener in the scene.
There are 2 audio listeners in the scene. Please ensure there is always exactly one audio listener in the scene.
There are 2 audio listeners in the scene. Please ensure there is always exactly one audio listener in the scene.
There are 2 audio listeners in the scene. Please ensure there is always exactly one audio listener in the scene.
There are 2 audio listeners in the scene. Please ensure there is always exactly one audio listener in the scene.
There are 2 audio listeners in the scene. Please ensure there is always exactly one audio listener in the scene.
There are 2 audio listeners in the scene. Please ensure there is always exactly one audio listener in the scene.
There are 2 audio listeners in the scene. Please ensure there is always exactly one audio listener in the scene.
There are 2 audio listeners in the scene. Please ensure there is always exactly one audio listener in the scene.
There are 2 audio listeners in the scene. Please ensure there is always exactly one audio listener in the scene.
There are 2 audio listeners in the scene. Please ensure there is always exactly one audio listener in the scene.
There are 2 audio listeners in the scene. Please ensure there is always exactly one audio listener in the scene.
There are 2 audio listeners in the scene. Please ensure there is always exactly one audio listener in the scene.
There are 2 audio listeners in the scene. Please ensure there is always exactly one audio listener in the scene.
There are 2 audio listeners in the scene. Please ensure there is always exactly one audio listener in the scene.
There are 2 audio listeners in the scene. Please ensure there is always exactly one audio listener in the scene.
There are 2 audio listeners in the scene. Please ensure there is always exactly one audio listener in the scene.
There are 2 audio listeners in the scene. Please ensure there is always exactly one audio listener in the scene.
There are 2 audio listeners in the scene. Please ensure there is always exactly one audio listener in the scene.
There are 2 audio listeners in the scene. Please ensure there is always exactly one audio listener in the scene.
There are 2 audio listeners in the scene. Please ensure there is always exactly one audio listener in the scene.
There are 2 audio listeners in the scene. Please ensure there is always exactly one audio listener in the scene.
There are 2 audio listeners in the scene. Please ensure there is always exactly one audio listener in the scene.
There are 2 audio listeners in the scene. Please ensure there is always exactly one audio listener in the scene.
There are 2 audio listeners in the scene. Please ensure there is always exactly one audio listener in the scene.
There are 2 audio listeners in the scene. Please ensure there is always exactly one audio listener in the scene.
There are 2 audio listeners in the scene. Please ensure there is always exactly one audio listener in the scene.
There are 2 audio listeners in the scene. Please ensure there is always exactly one audio listener in the scene.
There are 2 audio listeners in the scene. Please ensure there is always exactly one audio listener in the scene.
There are 2 audio listeners in the scene. Please ensure there is always exactly one audio listener in the scene.
There are 2 audio listeners in the scene. Please ensure there is always exactly one audio listener in the scene.
There are 2 audio listeners in the scene. Please ensure there is always exactly one audio listener in the scene.
There are 2 audio listeners in the scene. Please ensure there is always exactly one audio listener in the scene.
There are 2 audio listeners in the scene. Please ensure there is always exactly one audio listener in the scene.
There are 2 audio listeners in the scene. Please ensure there is always exactly one audio listener in the scene.
There are 2 audio listeners in the scene. Please ensure there is always exactly one audio listener in the scene.
There are 2 audio listeners in the scene. Please ensure there is always exactly one audio listener in the scene.
There are 2 audio listeners in the scene. Please ensure there is always exactly one audio listener in the scene.
There are 2 audio listeners in the scene. Please ensure there is always exactly one audio listener in the scene.
There are 2 audio listeners in the scene. Please ensure there is always exactly one audio listener in the scene.
There are 2 audio listeners in the scene. Please ensure there is always exactly one audio listener in the scene.
There are 2 audio listeners in the scene. Please ensure there is always exactly one audio listener in the scene.
There are 2 audio listeners in the scene. Please ensure there is always exactly one audio listener in the scene.
There are 2 audio listeners in the scene. Please ensure there is always exactly one audio listener in the scene.
There are 2 audio listeners in the scene. Please ensure there is always exactly one audio listener in the scene.
There are 2 audio listeners in the scene. Please ensure there is always exactly one audio listener in the scene.
There are 2 audio listeners in the scene. Please ensure there is always exactly one audio listener in the scene.
There are 2 audio listeners in the scene. Please ensure there is always exactly one audio listener in the scene.
There are 2 audio listeners in the scene. Please ensure there is always exactly one audio listener in the scene.
There are 2 audio listeners in the scene. Please ensure there is always exactly one audio listener in the scene.
There are 2 audio listeners in the scene. Please ensure there is always exactly one audio listener in the scene.
There are 2 audio listeners in the scene. Please ensure there is always exactly one audio listener in the scene.
There are 2 audio listeners in the scene. Please ensure there is always exactly one audio listener in the scene.
There are 2 audio listeners in the scene. Please ensure there is always exactly one audio listener in the scene.
There are 2 audio listeners in the scene. Please ensure there is always exactly one audio listener in the scene.
There are 2 audio listeners in the scene. Please ensure there is always exactly one audio listener in the scene.
There are 2 audio listeners in the scene. Please ensure there is always exactly one audio listener in the scene.
There are 2 audio listeners in the scene. Please ensure there is always exactly one audio listener in the scene.
There are 2 audio listeners in the scene. Please ensure there is always exactly one audio listener in the scene.
There are 2 audio listeners in the scene. Please ensure there is always exactly one audio listener in the scene.
There are 2 audio listeners in the scene. Please ensure there is always exactly one audio listener in the scene.
There are 2 audio listeners in the scene. Please ensure there is always exactly one audio listener in the scene.
There are 2 audio listeners in the scene. Please ensure there is always exactly one audio listener in the scene.
There are 2 audio listeners in the scene. Please ensure there is always exactly one audio listener in the scene.
There are 2 audio listeners in the scene. Please ensure there is always exactly one audio listener in the scene.
There are 2 audio listeners in the scene. Please ensure there is always exactly one audio listener in the scene.
There are 2 audio listeners in the scene. Please ensure there is always exactly one audio listener in the scene.
There are 2 audio listeners in the scene. Please ensure there is always exactly one audio listener in the scene.
There are 2 audio listeners in the scene. Please ensure there is always exactly one audio listener in the scene.
There are 2 audio listeners in the scene. Please ensure there is always exactly one audio listener in the scene.
There are 2 audio listeners in the scene. Please ensure there is always exactly one audio listener in the scene.
There are 2 audio listeners in the scene. Please ensure there is always exactly one audio listener in the scene.
There are 2 audio listeners in the scene. Please ensure there is always exactly one audio listener in the scene.
There are 2 audio listeners in the scene. Please ensure there is always exactly one audio listener in the scene.
There are 2 audio listeners in the scene. Please ensure there is always exactly one audio listener in the scene.
There are 2 audio listeners in the scene. Please ensure there is always exactly one audio listener in the scene.
There are 2 audio listeners in the scene. Please ensure there is always exactly one audio listener in the scene.
There are 2 audio listeners in the scene. Please ensure there is always exactly one audio listener in the scene.
There are 2 audio listeners in the scene. Please ensure there is always exactly one audio listener in the scene.
There are 2 audio listeners in the scene. Please ensure there is always exactly one audio listener in the scene.
There are 2 audio listeners in the scene. Please ensure there is always exactly one audio listener in the scene.
There are 2 audio listeners in the scene. Please ensure there is always exactly one audio listener in the scene.
There are 2 audio listeners in the scene. Please ensure there is always exactly one audio listener in the scene.
There are 2 audio listeners in the scene. Please ensure there is always exactly one audio listener in the scene.
There are 2 audio listeners in the scene. Please ensure there is always exactly one audio listener in the scene.
There are 2 audio listeners in the scene. Please ensure there is always exactly one audio listener in the scene.
There are 2 audio listeners in the scene. Please ensure there is always exactly one audio listener in the scene.
There are 2 audio listeners in the scene. Please ensure there is always exactly one audio listener in the scene.
There are 2 audio listeners in the scene. Please ensure there is always exactly one audio listener in the scene.
There are 2 audio listeners in the scene. Please ensure there is always exactly one audio listener in the scene.
There are 2 audio listeners in the scene. Please ensure there is always exactly one audio listener in the scene.
There are 2 audio listeners in the scene. Please ensure there is always exactly one audio listener in the scene.
There are 2 audio listeners in the scene. Please ensure there is always exactly one audio listener in the scene.
There are 2 audio listeners in the scene. Please ensure there is always exactly one audio listener in the scene.
There are 2 audio listeners in the scene. Please ensure there is always exactly one audio listener in the scene.
There are 2 audio listeners in the scene. Please ensure there is always exactly one audio listener in the scene.
There are 2 audio listeners in the scene. Please ensure there is always exactly one audio listener in the scene.
There are 2 audio listeners in the scene. Please ensure there is always exactly one audio listener in the scene.
There are 2 audio listeners in the scene. Please ensure there is always exactly one audio listener in the scene.
There are 2 audio listeners in the scene. Please ensure there is always exactly one audio listener in the scene.
There are 2 audio listeners in the scene. Please ensure there is always exactly one audio listener in the scene.
There are 2 audio listeners in the scene. Please ensure there is always exactly one audio listener in the scene.
There are 2 audio listeners in the scene. Please ensure there is always exactly one audio listener in the scene.
There are 2 audio listeners in the scene. Please ensure there is always exactly one audio listener in the scene.
There are 2 audio listeners in the scene. Please ensure there is always exactly one audio listener in the scene.
There are 2 audio listeners in the scene. Please ensure there is always exactly one audio listener in the scene.
There are 2 audio listeners in the scene. Please ensure there is always exactly one audio listener in the scene.
There are 2 audio listeners in the scene. Please ensure there is always exactly one audio listener in the scene.
There are 2 audio listeners in the scene. Please ensure there is always exactly one audio listener in the scene.
There are 2 audio listeners in the scene. Please ensure there is always exactly one audio listener in the scene.
There are 2 audio listeners in the scene. Please ensure there is always exactly one audio listener in the scene.
There are 2 audio listeners in the scene. Please ensure there is always exactly one audio listener in the scene.
There are 2 audio listeners in the scene. Please ensure there is always exactly one audio listener in the scene.
There are 2 audio listeners in the scene. Please ensure there is always exactly one audio listener in the scene.
There are 2 audio listeners in the scene. Please ensure there is always exactly one audio listener in the scene.
There are 2 audio listeners in the scene. Please ensure there is always exactly one audio listener in the scene.
There are 2 audio listeners in the scene. Please ensure there is always exactly one audio listener in the scene.
There are 2 audio listeners in the scene. Please ensure there is always exactly one audio listener in the scene.
There are 2 audio listeners in the scene. Please ensure there is always exactly one audio listener in the scene.
There are 2 audio listeners in the scene. Please ensure there is always exactly one audio listener in the scene.
There are 2 audio listeners in the scene. Please ensure there is always exactly one audio listener in the scene.
There are 2 audio listeners in the scene. Please ensure there is always exactly one audio listener in the scene.
There are 2 audio listeners in the scene. Please ensure there is always exactly one audio listener in the scene.
There are 2 audio listeners in the scene. Please ensure there is always exactly one audio listener in the scene.
There are 2 audio listeners in the scene. Please ensure there is always exactly one audio listener in the scene.
There are 2 audio listeners in the scene. Please ensure there is always exactly one audio listener in the scene.
There are 2 audio listeners in the scene. Please ensure there is always exactly one audio listener in the scene.
There are 2 audio listeners in the scene. Please ensure there is always exactly one audio listener in the scene.
There are 2 audio listeners in the scene. Please ensure there is always exactly one audio listener in the scene.
There are 2 audio listeners in the scene. Please ensure there is always exactly one audio listener in the scene.
There are 2 audio listeners in the scene. Please ensure there is always exactly one audio listener in the scene.
There are 2 audio listeners in the scene. Please ensure there is always exactly one audio listener in the scene.
There are 2 audio listeners in the scene. Please ensure there is always exactly one audio listener in the scene.
There are 2 audio listeners in the scene. Please ensure there is always exactly one audio listener in the scene.
There are 2 audio listeners in the scene. Please ensure there is always exactly one audio listener in the scene.
There are 2 audio listeners in the scene. Please ensure there is always exactly one audio listener in the scene.
There are 2 audio listeners in the scene. Please ensure there is always exactly one audio listener in the scene.
There are 2 audio listeners in the scene. Please ensure there is always exactly one audio listener in the scene.
There are 2 audio listeners in the scene. Please ensure there is always exactly one audio listener in the scene.
There are 2 audio listeners in the scene. Please ensure there is always exactly one audio listener in the scene.
There are 2 audio listeners in the scene. Please ensure there is always exactly one audio listener in the scene.
There are 2 audio listeners in the scene. Please ensure there is always exactly one audio listener in the scene.
There are 2 audio listeners in the scene. Please ensure there is always exactly one audio listener in the scene.
There are 2 audio listeners in the scene. Please ensure there is always exactly one audio listener in the scene.
There are 2 audio listeners in the scene. Please ensure there is always exactly one audio listener in the scene.
There are 2 audio listeners in the scene. Please ensure there is always exactly one audio listener in the scene.
There are 2 audio listeners in the scene. Please ensure there is always exactly one audio listener in the scene.
There are 2 audio listeners in the scene. Please ensure there is always exactly one audio listener in the scene.
There are 2 audio listeners in the scene. Please ensure there is always exactly one audio listener in the scene.
There are 2 audio listeners in the scene. Please ensure there is always exactly one audio listener in the scene.
There are 2 audio listeners in the scene. Please ensure there is always exactly one audio listener in the scene.
There are 2 audio listeners in the scene. Please ensure there is always exactly one audio listener in the scene.
There are 2 audio listeners in the scene. Please ensure there is always exactly one audio listener in the scene.
There are 2 audio listeners in the scene. Please ensure there is always exactly one audio listener in the scene.
There are 2 audio listeners in the scene. Please ensure there is always exactly one audio listener in the scene.
There are 2 audio listeners in the scene. Please ensure there is always exactly one audio listener in the scene.
There are 2 audio listeners in the scene. Please ensure there is always exactly one audio listener in the scene.
There are 2 audio listeners in the scene. Please ensure there is always exactly one audio listener in the scene.
There are 2 audio listeners in the scene. Please ensure there is always exactly one audio listener in the scene.
There are 2 audio listeners in the scene. Please ensure there is always exactly one audio listener in the scene.
There are 2 audio listeners in the scene. Please ensure there is always exactly one audio listener in the scene.
There are 2 audio listeners in the scene. Please ensure there is always exactly one audio listener in the scene.
There are 2 audio listeners in the scene. Please ensure there is always exactly one audio listener in the scene.
There are 2 audio listeners in the scene. Please ensure there is always exactly one audio listener in the scene.
There are 2 audio listeners in the scene. Please ensure there is always exactly one audio listener in the scene.
There are 2 audio listeners in the scene. Please ensure there is always exactly one audio listener in the scene.
There are 2 audio listeners in the scene. Please ensure there is always exactly one audio listener in the scene.
There are 2 audio listeners in the scene. Please ensure there is always exactly one audio listener in the scene.
There are 2 audio listeners in the scene. Please ensure there is always exactly one audio listener in the scene.
There are 2 audio listeners in the scene. Please ensure there is always exactly one audio listener in the scene.
There are 2 audio listeners in the scene. Please ensure there is always exactly one audio listener in the scene.
There are 2 audio listeners in the scene. Please ensure there is always exactly one audio listener in the scene.
There are 2 audio listeners in the scene. Please ensure there is always exactly one audio listener in the scene.
There are 2 audio listeners in the scene. Please ensure there is always exactly one audio listener in the scene.
There are 2 audio listeners in the scene. Please ensure there is always exactly one audio listener in the scene.
There are 2 audio listeners in the scene. Please ensure there is always exactly one audio listener in the scene.
There are 2 audio listeners in the scene. Please ensure there is always exactly one audio listener in the scene.
There are 2 audio listeners in the scene. Please ensure there is always exactly one audio listener in the scene.
There are 2 audio listeners in the scene. Please ensure there is always exactly one audio listener in the scene.
There are 2 audio listeners in the scene. Please ensure there is always exactly one audio listener in the scene.
There are 2 audio listeners in the scene. Please ensure there is always exactly one audio listener in the scene.
There are 2 audio listeners in the scene. Please ensure there is always exactly one audio listener in the scene.
There are 2 audio listeners in the scene. Please ensure there is always exactly one audio listener in the scene.
There are 2 audio listeners in the scene. Please ensure there is always exactly one audio listener in the scene.
There are 2 audio listeners in the scene. Please ensure there is always exactly one audio listener in the scene.
There are 2 audio listeners in the scene. Please ensure there is always exactly one audio listener in the scene.
There are 2 audio listeners in the scene. Please ensure there is always exactly one audio listener in the scene.
There are 2 audio listeners in the scene. Please ensure there is always exactly one audio listener in the scene.
There are 2 audio listeners in the scene. Please ensure there is always exactly one audio listener in the scene.
There are 2 audio listeners in the scene. Please ensure there is always exactly one audio listener in the scene.
There are 2 audio listeners in the scene. Please ensure there is always exactly one audio listener in the scene.
There are 2 audio listeners in the scene. Please ensure there is always exactly one audio listener in the scene.
There are 2 audio listeners in the scene. Please ensure there is always exactly one audio listener in the scene.
There are 2 audio listeners in the scene. Please ensure there is always exactly one audio listener in the scene.
There are 2 audio listeners in the scene. Please ensure there is always exactly one audio listener in the scene.
There are 2 audio listeners in the scene. Please ensure there is always exactly one audio listener in the scene.
There are 2 audio listeners in the scene. Please ensure there is always exactly one audio listener in the scene.
There are 2 audio listeners in the scene. Please ensure there is always exactly one audio listener in the scene.
There are 2 audio listeners in the scene. Please ensure there is always exactly one audio listener in the scene.
There are 2 audio listeners in the scene. Please ensure there is always exactly one audio listener in the scene.
There are 2 audio listeners in the scene. Please ensure there is always exactly one audio listener in the scene.
There are 2 audio listeners in the scene. Please ensure there is always exactly one audio listener in the scene.
There are 2 audio listeners in the scene. Please ensure there is always exactly one audio listener in the scene.
There are 2 audio listeners in the scene. Please ensure there is always exactly one audio listener in the scene.
There are 2 audio listeners in the scene. Please ensure there is always exactly one audio listener in the scene.
There are 2 audio listeners in the scene. Please ensure there is always exactly one audio listener in the scene.
There are 2 audio listeners in the scene. Please ensure there is always exactly one audio listener in the scene.
There are 2 audio listeners in the scene. Please ensure there is always exactly one audio listener in the scene.
There are 2 audio listeners in the scene. Please ensure there is always exactly one audio listener in the scene.
There are 2 audio listeners in the scene. Please ensure there is always exactly one audio listener in the scene.
There are 2 audio listeners in the scene. Please ensure there is always exactly one audio listener in the scene.
There are 2 audio listeners in the scene. Please ensure there is always exactly one audio listener in the scene.
There are 2 audio listeners in the scene. Please ensure there is always exactly one audio listener in the scene.
There are 2 audio listeners in the scene. Please ensure there is always exactly one audio listener in the scene.
There are 2 audio listeners in the scene. Please ensure there is always exactly one audio listener in the scene.
There are 2 audio listeners in the scene. Please ensure there is always exactly one audio listener in the scene.
There are 2 audio listeners in the scene. Please ensure there is always exactly one audio listener in the scene.
There are 2 audio listeners in the scene. Please ensure there is always exactly one audio listener in the scene.
There are 2 audio listeners in the scene. Please ensure there is always exactly one audio listener in the scene.
There are 2 audio listeners in the scene. Please ensure there is always exactly one audio listener in the scene.
There are 2 audio listeners in the scene. Please ensure there is always exactly one audio listener in the scene.
There are 2 audio listeners in the scene. Please ensure there is always exactly one audio listener in the scene.
Unloading 0 Unused Serialized files (Serialized files now loaded: 0)
Loaded scene 'Temp/__Backupscenes/0.backup'
	Deserialize:            12.422 ms
	Integration:            284.575 ms
	Integration of assets:  0.010 ms
	Thread Wait Time:       0.008 ms
	Total Operation Time:   297.016 ms
Unloading 21 unused Assets / (45.5 KB). Loaded Objects now: 10630.
Memory consumption went from 0.66 GB to 0.66 GB.
Total: 23.824200 ms (FindLiveObjects: 0.947400 ms CreateObjectMapping: 1.832200 ms MarkObjects: 20.807500 ms  DeleteObjects: 0.234600 ms)

[Licensing::Client] Successfully resolved entitlement details
Reloading assemblies for play mode.
Reloading assemblies after forced synchronous recompile.
Begin MonoManager ReloadAssembly
Refreshing native plugins compatible for Editor in 2.08 ms, found 4 plugins.
Native extension for Android target not found
Native extension for WindowsStandalone target not found
Native extension for WebGL target not found
ScheduleIndexationOnStartup MainProcess:True IndexOnStartup:True
[MODES] ModeService[none].Initialize
[MODES] ModeService[none].LoadModes
Mono: successfully reloaded assembly
- Finished resetting the current domain, in  2.016 seconds
Domain Reload Profiling: 3140ms
	BeginReloadAssembly (813ms)
		DisableScriptedObjects (120ms)
		CreateAndSetChildDomain (502ms)
	RebuildCommonClasses (12ms)
	RebuildNativeTypeToScriptingClass (17ms)
	initialDomainReloadingComplete (60ms)
	LoadAllAssembliesAndSetupDomain (221ms)
		LoadAssemblies (149ms)
		AnalyzeDomain (39ms)
			TypeCache.Refresh (9ms)
			ResolveRequiredComponents (26ms)
	FinalizeReload (2017ms)
		SetupLoadedEditorAssemblies (0ms)
			InitializePlatformSupportModulesInManaged (14ms)
			BeforeProcessingInitializeOnLoad (96ms)
			ProcessInitializeOnLoadAttributes (468ms)
			ProcessInitializeOnLoadMethodAttributes (178ms)
			AfterProcessingInitializeOnLoad (6ms)
		AwakeInstancesAfterBackupRestoration (670ms)

Asset Pipeline Refresh (id=626008bbfae4cbc4fb2092e49d165ac0): Total: 3.421 seconds - Initiated by StopAssetImportingV2(ForceSynchronousImport | ForceDomainReload)
	(Values over 0.05ms)
	Summary:
		Imports: total=0 (actual=0, local cache=0, cache server=0)
		Asset DB Process Time: managed=0 ms, native=2199 ms
		Asset DB Callback time: managed=36 ms, native=0 ms
		Scripting: domain reloads=1, domain reload time=1182 ms, compile time=1 ms, other=0 ms
		Project Asset Count: scripts=1496, non-scripts=2925
		Asset File Changes: new=0, changed=0, moved=0, deleted=0
		Scan Filter Count: 0
	InvokePackagesCallback: 2.092ms
	ApplyChangesToAssetFolders: 0.449ms
	Collect global state as custom dependencies: 3.186ms
	ProcessAssetsWithTransientArtifactChanges: 0.299ms
	CategorizeAssets: 59.167ms
	CompileScripts: 1.410ms
	ImportOutOfDateAssets: 2083.412ms (2034.144ms without children)
		CollectScriptTypesHashes: 0.831ms
		ReloadNativeAssets: 1.559ms
		UnloadImportedAssets: 0.337ms
		EnsureUptoDateAssetsAreRegisteredWithGuidPM: 0.898ms
		ImportSchedulerStart: 46.442ms
	PostProcessAllAssets: 36.320ms
		MonoPostProcessAllAssets: 36.313ms
			ShaderGraphAssetPostProcessor.OnPostprocessAllAssets 266.760ms
			AssetPostprocessor.OnPostprocessAllAssets 162.648ms
			PostProcessor.OnPostprocessAllAssets 70.557ms
			MaterialPostprocessor.OnPostprocessAllAssets 59.123ms
			InputActionJsonNameModifierAssetProcessor.OnPostprocessAllAssets 54.474ms
			AssetChangedListener.OnPostprocessAllAssets 33.455ms
			TextAssetPostProcessor.OnPostprocessAllAssets 26.679ms
			UniversalRenderPipelineGlobalSettingsPostprocessor.OnPostprocessAllAssets 11.739ms
			BuilderAssetPostprocessor.OnPostprocessAllAssets 9.757ms
			RetainedModeAssetPostprocessor.OnPostprocessAllAssets 4.538ms
			SyncVS.PostprocessSyncProject 4.419ms
			SpeedTree9Postprocessor.OnPostprocessAllAssets 2.817ms
			WindowAssetPostprocessingWatcher.OnPostprocessAllAssets 2.219ms
			StyleCatalogPostProcessor.OnPostprocessAllAssets 1.402ms
			ProjectSettingsPostprocessor.OnPostprocessAllAssets 0.969ms
			RenderPipelineGlobalSettingsPostprocessor.OnPostprocessAllAssets 0.855ms
			ArtifactBrowserPostProcessor.OnPostprocessAllAssets 0.742ms
			AudioMixerPostprocessor.OnPostprocessAllAssets 0.683ms
			UVCSAssetPostprocessor.OnPostprocessAllAssets 0.542ms
			AssetEvents.OnPostprocessAllAssets 0.499ms
			ShaderReflectionAssetPostProcessor.OnPostprocessAllAssets 0.446ms
			InputActionAssetPostprocessor.OnPostprocessAllAssets 0.445ms
			SpeedTreePostProcessor.OnPostprocessAllAssets 0.410ms
			TMPro_TexturePostProcessor.OnPostprocessAllAssets 0.360ms
			SampleDependencyImporterPostProcessor.OnPostprocessAllAssets 0.342ms
			EditModeScopePostprocessor.OnPostprocessAllAssets 0.298ms
			ReferencedClipsPostProcessor.OnPostprocessAllAssets 0.288ms
			SamplePostprocessor.OnPostprocessAllAssets 0.237ms
			TerrainToolbarOverlayPostProcessor.OnPostprocessAllAssets 0.220ms
			ScenarioDriftAssetsTracker.OnPostprocessAllAssets 0.196ms
			ConfigAssetsTracker.OnPostprocessAllAssets 0.196ms
			AudioContainerPostProcessor.OnPostprocessAllAssets 0.166ms
			AssetDatabaseCallbacks.OnPostprocessAllAssets 0.161ms
			AssetReloadNotifier.OnPostprocessAllAssets 0.155ms
	GatherAllCurrentPrimaryImportResultRevisions: 2.471ms
	UnloadStreamsBegin: 0.138ms
	PersistCurrentRevisions: 0.189ms
	GenerateScriptTypeHashes: 3.079ms
	GenerateScriptTypeSerializationHashes: 4.986ms
	Untracked: 1223.139ms

Loaded scene 'Temp/__Backupscenes/0.backup'
	Deserialize:            11.502 ms
	Integration:            423.591 ms
	Integration of assets:  0.010 ms
	Thread Wait Time:       0.011 ms
	Total Operation Time:   435.114 ms
There are 2 audio listeners in the scene. Please ensure there is always exactly one audio listener in the scene.
There are 2 audio listeners in the scene. Please ensure there is always exactly one audio listener in the scene.
[Licensing::Client] Successfully resolved entitlement details
[Licensing::Client] Successfully resolved entitlement details
There are 2 audio listeners in the scene. Please ensure there is always exactly one audio listener in the scene.
There are 2 audio listeners in the scene. Please ensure there is always exactly one audio listener in the scene.
There are 2 audio listeners in the scene. Please ensure there is always exactly one audio listener in the scene.
There are 2 audio listeners in the scene. Please ensure there is always exactly one audio listener in the scene.
There are 2 audio listeners in the scene. Please ensure there is always exactly one audio listener in the scene.
There are 2 audio listeners in the scene. Please ensure there is always exactly one audio listener in the scene.
There are 2 audio listeners in the scene. Please ensure there is always exactly one audio listener in the scene.
There are 2 audio listeners in the scene. Please ensure there is always exactly one audio listener in the scene.
There are 2 audio listeners in the scene. Please ensure there is always exactly one audio listener in the scene.
There are 2 audio listeners in the scene. Please ensure there is always exactly one audio listener in the scene.
There are 2 audio listeners in the scene. Please ensure there is always exactly one audio listener in the scene.
There are 2 audio listeners in the scene. Please ensure there is always exactly one audio listener in the scene.
There are 2 audio listeners in the scene. Please ensure there is always exactly one audio listener in the scene.
There are 2 audio listeners in the scene. Please ensure there is always exactly one audio listener in the scene.
There are 2 audio listeners in the scene. Please ensure there is always exactly one audio listener in the scene.
There are 2 audio listeners in the scene. Please ensure there is always exactly one audio listener in the scene.
There are 2 audio listeners in the scene. Please ensure there is always exactly one audio listener in the scene.
There are 2 audio listeners in the scene. Please ensure there is always exactly one audio listener in the scene.
There are 2 audio listeners in the scene. Please ensure there is always exactly one audio listener in the scene.
There are 2 audio listeners in the scene. Please ensure there is always exactly one audio listener in the scene.
There are 2 audio listeners in the scene. Please ensure there is always exactly one audio listener in the scene.
There are 2 audio listeners in the scene. Please ensure there is always exactly one audio listener in the scene.
There are 2 audio listeners in the scene. Please ensure there is always exactly one audio listener in the scene.
There are 2 audio listeners in the scene. Please ensure there is always exactly one audio listener in the scene.
There are 2 audio listeners in the scene. Please ensure there is always exactly one audio listener in the scene.
There are 2 audio listeners in the scene. Please ensure there is always exactly one audio listener in the scene.
There are 2 audio listeners in the scene. Please ensure there is always exactly one audio listener in the scene.
There are 2 audio listeners in the scene. Please ensure there is always exactly one audio listener in the scene.
There are 2 audio listeners in the scene. Please ensure there is always exactly one audio listener in the scene.
There are 2 audio listeners in the scene. Please ensure there is always exactly one audio listener in the scene.
There are 2 audio listeners in the scene. Please ensure there is always exactly one audio listener in the scene.
There are 2 audio listeners in the scene. Please ensure there is always exactly one audio listener in the scene.
There are 2 audio listeners in the scene. Please ensure there is always exactly one audio listener in the scene.
There are 2 audio listeners in the scene. Please ensure there is always exactly one audio listener in the scene.
There are 2 audio listeners in the scene. Please ensure there is always exactly one audio listener in the scene.
There are 2 audio listeners in the scene. Please ensure there is always exactly one audio listener in the scene.
There are 2 audio listeners in the scene. Please ensure there is always exactly one audio listener in the scene.
There are 2 audio listeners in the scene. Please ensure there is always exactly one audio listener in the scene.
There are 2 audio listeners in the scene. Please ensure there is always exactly one audio listener in the scene.
There are 2 audio listeners in the scene. Please ensure there is always exactly one audio listener in the scene.
There are 2 audio listeners in the scene. Please ensure there is always exactly one audio listener in the scene.
There are 2 audio listeners in the scene. Please ensure there is always exactly one audio listener in the scene.
There are 2 audio listeners in the scene. Please ensure there is always exactly one audio listener in the scene.
There are 2 audio listeners in the scene. Please ensure there is always exactly one audio listener in the scene.
There are 2 audio listeners in the scene. Please ensure there is always exactly one audio listener in the scene.
There are 2 audio listeners in the scene. Please ensure there is always exactly one audio listener in the scene.
There are 2 audio listeners in the scene. Please ensure there is always exactly one audio listener in the scene.
There are 2 audio listeners in the scene. Please ensure there is always exactly one audio listener in the scene.
There are 2 audio listeners in the scene. Please ensure there is always exactly one audio listener in the scene.
There are 2 audio listeners in the scene. Please ensure there is always exactly one audio listener in the scene.
There are 2 audio listeners in the scene. Please ensure there is always exactly one audio listener in the scene.
There are 2 audio listeners in the scene. Please ensure there is always exactly one audio listener in the scene.
There are 2 audio listeners in the scene. Please ensure there is always exactly one audio listener in the scene.
There are 2 audio listeners in the scene. Please ensure there is always exactly one audio listener in the scene.
There are 2 audio listeners in the scene. Please ensure there is always exactly one audio listener in the scene.
There are 2 audio listeners in the scene. Please ensure there is always exactly one audio listener in the scene.
There are 2 audio listeners in the scene. Please ensure there is always exactly one audio listener in the scene.
There are 2 audio listeners in the scene. Please ensure there is always exactly one audio listener in the scene.
There are 2 audio listeners in the scene. Please ensure there is always exactly one audio listener in the scene.
There are 2 audio listeners in the scene. Please ensure there is always exactly one audio listener in the scene.
There are 2 audio listeners in the scene. Please ensure there is always exactly one audio listener in the scene.
There are 2 audio listeners in the scene. Please ensure there is always exactly one audio listener in the scene.
There are 2 audio listeners in the scene. Please ensure there is always exactly one audio listener in the scene.
There are 2 audio listeners in the scene. Please ensure there is always exactly one audio listener in the scene.
There are 2 audio listeners in the scene. Please ensure there is always exactly one audio listener in the scene.
There are 2 audio listeners in the scene. Please ensure there is always exactly one audio listener in the scene.
There are 2 audio listeners in the scene. Please ensure there is always exactly one audio listener in the scene.
There are 2 audio listeners in the scene. Please ensure there is always exactly one audio listener in the scene.
There are 2 audio listeners in the scene. Please ensure there is always exactly one audio listener in the scene.
There are 2 audio listeners in the scene. Please ensure there is always exactly one audio listener in the scene.
There are 2 audio listeners in the scene. Please ensure there is always exactly one audio listener in the scene.
There are 2 audio listeners in the scene. Please ensure there is always exactly one audio listener in the scene.
There are 2 audio listeners in the scene. Please ensure there is always exactly one audio listener in the scene.
There are 2 audio listeners in the scene. Please ensure there is always exactly one audio listener in the scene.
There are 2 audio listeners in the scene. Please ensure there is always exactly one audio listener in the scene.
There are 2 audio listeners in the scene. Please ensure there is always exactly one audio listener in the scene.
There are 2 audio listeners in the scene. Please ensure there is always exactly one audio listener in the scene.
There are 2 audio listeners in the scene. Please ensure there is always exactly one audio listener in the scene.
There are 2 audio listeners in the scene. Please ensure there is always exactly one audio listener in the scene.
There are 2 audio listeners in the scene. Please ensure there is always exactly one audio listener in the scene.
There are 2 audio listeners in the scene. Please ensure there is always exactly one audio listener in the scene.
There are 2 audio listeners in the scene. Please ensure there is always exactly one audio listener in the scene.
There are 2 audio listeners in the scene. Please ensure there is always exactly one audio listener in the scene.
There are 2 audio listeners in the scene. Please ensure there is always exactly one audio listener in the scene.
There are 2 audio listeners in the scene. Please ensure there is always exactly one audio listener in the scene.
There are 2 audio listeners in the scene. Please ensure there is always exactly one audio listener in the scene.
There are 2 audio listeners in the scene. Please ensure there is always exactly one audio listener in the scene.
There are 2 audio listeners in the scene. Please ensure there is always exactly one audio listener in the scene.
There are 2 audio listeners in the scene. Please ensure there is always exactly one audio listener in the scene.
There are 2 audio listeners in the scene. Please ensure there is always exactly one audio listener in the scene.
There are 2 audio listeners in the scene. Please ensure there is always exactly one audio listener in the scene.
There are 2 audio listeners in the scene. Please ensure there is always exactly one audio listener in the scene.
There are 2 audio listeners in the scene. Please ensure there is always exactly one audio listener in the scene.
There are 2 audio listeners in the scene. Please ensure there is always exactly one audio listener in the scene.
There are 2 audio listeners in the scene. Please ensure there is always exactly one audio listener in the scene.
There are 2 audio listeners in the scene. Please ensure there is always exactly one audio listener in the scene.
There are 2 audio listeners in the scene. Please ensure there is always exactly one audio listener in the scene.
There are 2 audio listeners in the scene. Please ensure there is always exactly one audio listener in the scene.
There are 2 audio listeners in the scene. Please ensure there is always exactly one audio listener in the scene.
There are 2 audio listeners in the scene. Please ensure there is always exactly one audio listener in the scene.
There are 2 audio listeners in the scene. Please ensure there is always exactly one audio listener in the scene.
There are 2 audio listeners in the scene. Please ensure there is always exactly one audio listener in the scene.
There are 2 audio listeners in the scene. Please ensure there is always exactly one audio listener in the scene.
There are 2 audio listeners in the scene. Please ensure there is always exactly one audio listener in the scene.
There are 2 audio listeners in the scene. Please ensure there is always exactly one audio listener in the scene.
There are 2 audio listeners in the scene. Please ensure there is always exactly one audio listener in the scene.
There are 2 audio listeners in the scene. Please ensure there is always exactly one audio listener in the scene.
There are 2 audio listeners in the scene. Please ensure there is always exactly one audio listener in the scene.
There are 2 audio listeners in the scene. Please ensure there is always exactly one audio listener in the scene.
There are 2 audio listeners in the scene. Please ensure there is always exactly one audio listener in the scene.
There are 2 audio listeners in the scene. Please ensure there is always exactly one audio listener in the scene.
There are 2 audio listeners in the scene. Please ensure there is always exactly one audio listener in the scene.
There are 2 audio listeners in the scene. Please ensure there is always exactly one audio listener in the scene.
There are 2 audio listeners in the scene. Please ensure there is always exactly one audio listener in the scene.
There are 2 audio listeners in the scene. Please ensure there is always exactly one audio listener in the scene.
There are 2 audio listeners in the scene. Please ensure there is always exactly one audio listener in the scene.
There are 2 audio listeners in the scene. Please ensure there is always exactly one audio listener in the scene.
There are 2 audio listeners in the scene. Please ensure there is always exactly one audio listener in the scene.
There are 2 audio listeners in the scene. Please ensure there is always exactly one audio listener in the scene.
There are 2 audio listeners in the scene. Please ensure there is always exactly one audio listener in the scene.
There are 2 audio listeners in the scene. Please ensure there is always exactly one audio listener in the scene.
There are 2 audio listeners in the scene. Please ensure there is always exactly one audio listener in the scene.
There are 2 audio listeners in the scene. Please ensure there is always exactly one audio listener in the scene.
There are 2 audio listeners in the scene. Please ensure there is always exactly one audio listener in the scene.
There are 2 audio listeners in the scene. Please ensure there is always exactly one audio listener in the scene.
There are 2 audio listeners in the scene. Please ensure there is always exactly one audio listener in the scene.
There are 2 audio listeners in the scene. Please ensure there is always exactly one audio listener in the scene.
There are 2 audio listeners in the scene. Please ensure there is always exactly one audio listener in the scene.
There are 2 audio listeners in the scene. Please ensure there is always exactly one audio listener in the scene.
There are 2 audio listeners in the scene. Please ensure there is always exactly one audio listener in the scene.
There are 2 audio listeners in the scene. Please ensure there is always exactly one audio listener in the scene.
There are 2 audio listeners in the scene. Please ensure there is always exactly one audio listener in the scene.
There are 2 audio listeners in the scene. Please ensure there is always exactly one audio listener in the scene.
There are 2 audio listeners in the scene. Please ensure there is always exactly one audio listener in the scene.
There are 2 audio listeners in the scene. Please ensure there is always exactly one audio listener in the scene.
There are 2 audio listeners in the scene. Please ensure there is always exactly one audio listener in the scene.
There are 2 audio listeners in the scene. Please ensure there is always exactly one audio listener in the scene.
There are 2 audio listeners in the scene. Please ensure there is always exactly one audio listener in the scene.
There are 2 audio listeners in the scene. Please ensure there is always exactly one audio listener in the scene.
There are 2 audio listeners in the scene. Please ensure there is always exactly one audio listener in the scene.
There are 2 audio listeners in the scene. Please ensure there is always exactly one audio listener in the scene.
There are 2 audio listeners in the scene. Please ensure there is always exactly one audio listener in the scene.
There are 2 audio listeners in the scene. Please ensure there is always exactly one audio listener in the scene.
There are 2 audio listeners in the scene. Please ensure there is always exactly one audio listener in the scene.
There are 2 audio listeners in the scene. Please ensure there is always exactly one audio listener in the scene.
There are 2 audio listeners in the scene. Please ensure there is always exactly one audio listener in the scene.
There are 2 audio listeners in the scene. Please ensure there is always exactly one audio listener in the scene.
There are 2 audio listeners in the scene. Please ensure there is always exactly one audio listener in the scene.
There are 2 audio listeners in the scene. Please ensure there is always exactly one audio listener in the scene.
There are 2 audio listeners in the scene. Please ensure there is always exactly one audio listener in the scene.
There are 2 audio listeners in the scene. Please ensure there is always exactly one audio listener in the scene.
There are 2 audio listeners in the scene. Please ensure there is always exactly one audio listener in the scene.
There are 2 audio listeners in the scene. Please ensure there is always exactly one audio listener in the scene.
There are 2 audio listeners in the scene. Please ensure there is always exactly one audio listener in the scene.
There are 2 audio listeners in the scene. Please ensure there is always exactly one audio listener in the scene.
There are 2 audio listeners in the scene. Please ensure there is always exactly one audio listener in the scene.
There are 2 audio listeners in the scene. Please ensure there is always exactly one audio listener in the scene.
There are 2 audio listeners in the scene. Please ensure there is always exactly one audio listener in the scene.
There are 2 audio listeners in the scene. Please ensure there is always exactly one audio listener in the scene.
There are 2 audio listeners in the scene. Please ensure there is always exactly one audio listener in the scene.
There are 2 audio listeners in the scene. Please ensure there is always exactly one audio listener in the scene.
There are 2 audio listeners in the scene. Please ensure there is always exactly one audio listener in the scene.
There are 2 audio listeners in the scene. Please ensure there is always exactly one audio listener in the scene.
There are 2 audio listeners in the scene. Please ensure there is always exactly one audio listener in the scene.
There are 2 audio listeners in the scene. Please ensure there is always exactly one audio listener in the scene.
There are 2 audio listeners in the scene. Please ensure there is always exactly one audio listener in the scene.
There are 2 audio listeners in the scene. Please ensure there is always exactly one audio listener in the scene.
There are 2 audio listeners in the scene. Please ensure there is always exactly one audio listener in the scene.
There are 2 audio listeners in the scene. Please ensure there is always exactly one audio listener in the scene.
There are 2 audio listeners in the scene. Please ensure there is always exactly one audio listener in the scene.
There are 2 audio listeners in the scene. Please ensure there is always exactly one audio listener in the scene.
There are 2 audio listeners in the scene. Please ensure there is always exactly one audio listener in the scene.
There are 2 audio listeners in the scene. Please ensure there is always exactly one audio listener in the scene.
There are 2 audio listeners in the scene. Please ensure there is always exactly one audio listener in the scene.
There are 2 audio listeners in the scene. Please ensure there is always exactly one audio listener in the scene.
There are 2 audio listeners in the scene. Please ensure there is always exactly one audio listener in the scene.
There are 2 audio listeners in the scene. Please ensure there is always exactly one audio listener in the scene.
There are 2 audio listeners in the scene. Please ensure there is always exactly one audio listener in the scene.
There are 2 audio listeners in the scene. Please ensure there is always exactly one audio listener in the scene.
There are 2 audio listeners in the scene. Please ensure there is always exactly one audio listener in the scene.
There are 2 audio listeners in the scene. Please ensure there is always exactly one audio listener in the scene.
There are 2 audio listeners in the scene. Please ensure there is always exactly one audio listener in the scene.
There are 2 audio listeners in the scene. Please ensure there is always exactly one audio listener in the scene.
There are 2 audio listeners in the scene. Please ensure there is always exactly one audio listener in the scene.
There are 2 audio listeners in the scene. Please ensure there is always exactly one audio listener in the scene.
There are 2 audio listeners in the scene. Please ensure there is always exactly one audio listener in the scene.
There are 2 audio listeners in the scene. Please ensure there is always exactly one audio listener in the scene.
There are 2 audio listeners in the scene. Please ensure there is always exactly one audio listener in the scene.
There are 2 audio listeners in the scene. Please ensure there is always exactly one audio listener in the scene.
There are 2 audio listeners in the scene. Please ensure there is always exactly one audio listener in the scene.
There are 2 audio listeners in the scene. Please ensure there is always exactly one audio listener in the scene.
There are 2 audio listeners in the scene. Please ensure there is always exactly one audio listener in the scene.
There are 2 audio listeners in the scene. Please ensure there is always exactly one audio listener in the scene.
There are 2 audio listeners in the scene. Please ensure there is always exactly one audio listener in the scene.
There are 2 audio listeners in the scene. Please ensure there is always exactly one audio listener in the scene.
There are 2 audio listeners in the scene. Please ensure there is always exactly one audio listener in the scene.
There are 2 audio listeners in the scene. Please ensure there is always exactly one audio listener in the scene.
There are 2 audio listeners in the scene. Please ensure there is always exactly one audio listener in the scene.
There are 2 audio listeners in the scene. Please ensure there is always exactly one audio listener in the scene.
There are 2 audio listeners in the scene. Please ensure there is always exactly one audio listener in the scene.
There are 2 audio listeners in the scene. Please ensure there is always exactly one audio listener in the scene.
There are 2 audio listeners in the scene. Please ensure there is always exactly one audio listener in the scene.
There are 2 audio listeners in the scene. Please ensure there is always exactly one audio listener in the scene.
There are 2 audio listeners in the scene. Please ensure there is always exactly one audio listener in the scene.
There are 2 audio listeners in the scene. Please ensure there is always exactly one audio listener in the scene.
There are 2 audio listeners in the scene. Please ensure there is always exactly one audio listener in the scene.
There are 2 audio listeners in the scene. Please ensure there is always exactly one audio listener in the scene.
There are 2 audio listeners in the scene. Please ensure there is always exactly one audio listener in the scene.
There are 2 audio listeners in the scene. Please ensure there is always exactly one audio listener in the scene.
There are 2 audio listeners in the scene. Please ensure there is always exactly one audio listener in the scene.
There are 2 audio listeners in the scene. Please ensure there is always exactly one audio listener in the scene.
There are 2 audio listeners in the scene. Please ensure there is always exactly one audio listener in the scene.
There are 2 audio listeners in the scene. Please ensure there is always exactly one audio listener in the scene.
There are 2 audio listeners in the scene. Please ensure there is always exactly one audio listener in the scene.
There are 2 audio listeners in the scene. Please ensure there is always exactly one audio listener in the scene.
There are 2 audio listeners in the scene. Please ensure there is always exactly one audio listener in the scene.
There are 2 audio listeners in the scene. Please ensure there is always exactly one audio listener in the scene.
There are 2 audio listeners in the scene. Please ensure there is always exactly one audio listener in the scene.
There are 2 audio listeners in the scene. Please ensure there is always exactly one audio listener in the scene.
There are 2 audio listeners in the scene. Please ensure there is always exactly one audio listener in the scene.
There are 2 audio listeners in the scene. Please ensure there is always exactly one audio listener in the scene.
There are 2 audio listeners in the scene. Please ensure there is always exactly one audio listener in the scene.
There are 2 audio listeners in the scene. Please ensure there is always exactly one audio listener in the scene.
There are 2 audio listeners in the scene. Please ensure there is always exactly one audio listener in the scene.
There are 2 audio listeners in the scene. Please ensure there is always exactly one audio listener in the scene.
There are 2 audio listeners in the scene. Please ensure there is always exactly one audio listener in the scene.
There are 2 audio listeners in the scene. Please ensure there is always exactly one audio listener in the scene.
There are 2 audio listeners in the scene. Please ensure there is always exactly one audio listener in the scene.
There are 2 audio listeners in the scene. Please ensure there is always exactly one audio listener in the scene.
There are 2 audio listeners in the scene. Please ensure there is always exactly one audio listener in the scene.
There are 2 audio listeners in the scene. Please ensure there is always exactly one audio listener in the scene.
There are 2 audio listeners in the scene. Please ensure there is always exactly one audio listener in the scene.
There are 2 audio listeners in the scene. Please ensure there is always exactly one audio listener in the scene.
There are 2 audio listeners in the scene. Please ensure there is always exactly one audio listener in the scene.
There are 2 audio listeners in the scene. Please ensure there is always exactly one audio listener in the scene.
There are 2 audio listeners in the scene. Please ensure there is always exactly one audio listener in the scene.
There are 2 audio listeners in the scene. Please ensure there is always exactly one audio listener in the scene.
There are 2 audio listeners in the scene. Please ensure there is always exactly one audio listener in the scene.
There are 2 audio listeners in the scene. Please ensure there is always exactly one audio listener in the scene.
There are 2 audio listeners in the scene. Please ensure there is always exactly one audio listener in the scene.
There are 2 audio listeners in the scene. Please ensure there is always exactly one audio listener in the scene.
There are 2 audio listeners in the scene. Please ensure there is always exactly one audio listener in the scene.
There are 2 audio listeners in the scene. Please ensure there is always exactly one audio listener in the scene.
There are 2 audio listeners in the scene. Please ensure there is always exactly one audio listener in the scene.
There are 2 audio listeners in the scene. Please ensure there is always exactly one audio listener in the scene.
There are 2 audio listeners in the scene. Please ensure there is always exactly one audio listener in the scene.
There are 2 audio listeners in the scene. Please ensure there is always exactly one audio listener in the scene.
There are 2 audio listeners in the scene. Please ensure there is always exactly one audio listener in the scene.
There are 2 audio listeners in the scene. Please ensure there is always exactly one audio listener in the scene.
There are 2 audio listeners in the scene. Please ensure there is always exactly one audio listener in the scene.
There are 2 audio listeners in the scene. Please ensure there is always exactly one audio listener in the scene.
There are 2 audio listeners in the scene. Please ensure there is always exactly one audio listener in the scene.
There are 2 audio listeners in the scene. Please ensure there is always exactly one audio listener in the scene.
There are 2 audio listeners in the scene. Please ensure there is always exactly one audio listener in the scene.
There are 2 audio listeners in the scene. Please ensure there is always exactly one audio listener in the scene.
There are 2 audio listeners in the scene. Please ensure there is always exactly one audio listener in the scene.
There are 2 audio listeners in the scene. Please ensure there is always exactly one audio listener in the scene.
There are 2 audio listeners in the scene. Please ensure there is always exactly one audio listener in the scene.
There are 2 audio listeners in the scene. Please ensure there is always exactly one audio listener in the scene.
There are 2 audio listeners in the scene. Please ensure there is always exactly one audio listener in the scene.
There are 2 audio listeners in the scene. Please ensure there is always exactly one audio listener in the scene.
There are 2 audio listeners in the scene. Please ensure there is always exactly one audio listener in the scene.
There are 2 audio listeners in the scene. Please ensure there is always exactly one audio listener in the scene.
There are 2 audio listeners in the scene. Please ensure there is always exactly one audio listener in the scene.
There are 2 audio listeners in the scene. Please ensure there is always exactly one audio listener in the scene.
There are 2 audio listeners in the scene. Please ensure there is always exactly one audio listener in the scene.
There are 2 audio listeners in the scene. Please ensure there is always exactly one audio listener in the scene.
There are 2 audio listeners in the scene. Please ensure there is always exactly one audio listener in the scene.
There are 2 audio listeners in the scene. Please ensure there is always exactly one audio listener in the scene.
There are 2 audio listeners in the scene. Please ensure there is always exactly one audio listener in the scene.
There are 2 audio listeners in the scene. Please ensure there is always exactly one audio listener in the scene.
There are 2 audio listeners in the scene. Please ensure there is always exactly one audio listener in the scene.
There are 2 audio listeners in the scene. Please ensure there is always exactly one audio listener in the scene.
There are 2 audio listeners in the scene. Please ensure there is always exactly one audio listener in the scene.
There are 2 audio listeners in the scene. Please ensure there is always exactly one audio listener in the scene.
There are 2 audio listeners in the scene. Please ensure there is always exactly one audio listener in the scene.
There are 2 audio listeners in the scene. Please ensure there is always exactly one audio listener in the scene.
There are 2 audio listeners in the scene. Please ensure there is always exactly one audio listener in the scene.
There are 2 audio listeners in the scene. Please ensure there is always exactly one audio listener in the scene.
There are 2 audio listeners in the scene. Please ensure there is always exactly one audio listener in the scene.
There are 2 audio listeners in the scene. Please ensure there is always exactly one audio listener in the scene.
There are 2 audio listeners in the scene. Please ensure there is always exactly one audio listener in the scene.
There are 2 audio listeners in the scene. Please ensure there is always exactly one audio listener in the scene.
There are 2 audio listeners in the scene. Please ensure there is always exactly one audio listener in the scene.
There are 2 audio listeners in the scene. Please ensure there is always exactly one audio listener in the scene.
There are 2 audio listeners in the scene. Please ensure there is always exactly one audio listener in the scene.
There are 2 audio listeners in the scene. Please ensure there is always exactly one audio listener in the scene.
There are 2 audio listeners in the scene. Please ensure there is always exactly one audio listener in the scene.
There are 2 audio listeners in the scene. Please ensure there is always exactly one audio listener in the scene.
There are 2 audio listeners in the scene. Please ensure there is always exactly one audio listener in the scene.
There are 2 audio listeners in the scene. Please ensure there is always exactly one audio listener in the scene.
There are 2 audio listeners in the scene. Please ensure there is always exactly one audio listener in the scene.
There are 2 audio listeners in the scene. Please ensure there is always exactly one audio listener in the scene.
There are 2 audio listeners in the scene. Please ensure there is always exactly one audio listener in the scene.
There are 2 audio listeners in the scene. Please ensure there is always exactly one audio listener in the scene.
There are 2 audio listeners in the scene. Please ensure there is always exactly one audio listener in the scene.
There are 2 audio listeners in the scene. Please ensure there is always exactly one audio listener in the scene.
There are 2 audio listeners in the scene. Please ensure there is always exactly one audio listener in the scene.
There are 2 audio listeners in the scene. Please ensure there is always exactly one audio listener in the scene.
There are 2 audio listeners in the scene. Please ensure there is always exactly one audio listener in the scene.
There are 2 audio listeners in the scene. Please ensure there is always exactly one audio listener in the scene.
There are 2 audio listeners in the scene. Please ensure there is always exactly one audio listener in the scene.
There are 2 audio listeners in the scene. Please ensure there is always exactly one audio listener in the scene.
There are 2 audio listeners in the scene. Please ensure there is always exactly one audio listener in the scene.
There are 2 audio listeners in the scene. Please ensure there is always exactly one audio listener in the scene.
There are 2 audio listeners in the scene. Please ensure there is always exactly one audio listener in the scene.
There are 2 audio listeners in the scene. Please ensure there is always exactly one audio listener in the scene.
There are 2 audio listeners in the scene. Please ensure there is always exactly one audio listener in the scene.
There are 2 audio listeners in the scene. Please ensure there is always exactly one audio listener in the scene.
There are 2 audio listeners in the scene. Please ensure there is always exactly one audio listener in the scene.
There are 2 audio listeners in the scene. Please ensure there is always exactly one audio listener in the scene.
There are 2 audio listeners in the scene. Please ensure there is always exactly one audio listener in the scene.
There are 2 audio listeners in the scene. Please ensure there is always exactly one audio listener in the scene.
There are 2 audio listeners in the scene. Please ensure there is always exactly one audio listener in the scene.
There are 2 audio listeners in the scene. Please ensure there is always exactly one audio listener in the scene.
There are 2 audio listeners in the scene. Please ensure there is always exactly one audio listener in the scene.
There are 2 audio listeners in the scene. Please ensure there is always exactly one audio listener in the scene.
There are 2 audio listeners in the scene. Please ensure there is always exactly one audio listener in the scene.
There are 2 audio listeners in the scene. Please ensure there is always exactly one audio listener in the scene.
There are 2 audio listeners in the scene. Please ensure there is always exactly one audio listener in the scene.
There are 2 audio listeners in the scene. Please ensure there is always exactly one audio listener in the scene.
There are 2 audio listeners in the scene. Please ensure there is always exactly one audio listener in the scene.
There are 2 audio listeners in the scene. Please ensure there is always exactly one audio listener in the scene.
There are 2 audio listeners in the scene. Please ensure there is always exactly one audio listener in the scene.
There are 2 audio listeners in the scene. Please ensure there is always exactly one audio listener in the scene.
There are 2 audio listeners in the scene. Please ensure there is always exactly one audio listener in the scene.
There are 2 audio listeners in the scene. Please ensure there is always exactly one audio listener in the scene.
There are 2 audio listeners in the scene. Please ensure there is always exactly one audio listener in the scene.
There are 2 audio listeners in the scene. Please ensure there is always exactly one audio listener in the scene.
There are 2 audio listeners in the scene. Please ensure there is always exactly one audio listener in the scene.
There are 2 audio listeners in the scene. Please ensure there is always exactly one audio listener in the scene.
There are 2 audio listeners in the scene. Please ensure there is always exactly one audio listener in the scene.
There are 2 audio listeners in the scene. Please ensure there is always exactly one audio listener in the scene.
There are 2 audio listeners in the scene. Please ensure there is always exactly one audio listener in the scene.
There are 2 audio listeners in the scene. Please ensure there is always exactly one audio listener in the scene.
There are 2 audio listeners in the scene. Please ensure there is always exactly one audio listener in the scene.
There are 2 audio listeners in the scene. Please ensure there is always exactly one audio listener in the scene.
There are 2 audio listeners in the scene. Please ensure there is always exactly one audio listener in the scene.
There are 2 audio listeners in the scene. Please ensure there is always exactly one audio listener in the scene.
There are 2 audio listeners in the scene. Please ensure there is always exactly one audio listener in the scene.
There are 2 audio listeners in the scene. Please ensure there is always exactly one audio listener in the scene.
There are 2 audio listeners in the scene. Please ensure there is always exactly one audio listener in the scene.
There are 2 audio listeners in the scene. Please ensure there is always exactly one audio listener in the scene.
There are 2 audio listeners in the scene. Please ensure there is always exactly one audio listener in the scene.
There are 2 audio listeners in the scene. Please ensure there is always exactly one audio listener in the scene.
There are 2 audio listeners in the scene. Please ensure there is always exactly one audio listener in the scene.
There are 2 audio listeners in the scene. Please ensure there is always exactly one audio listener in the scene.
There are 2 audio listeners in the scene. Please ensure there is always exactly one audio listener in the scene.
There are 2 audio listeners in the scene. Please ensure there is always exactly one audio listener in the scene.
There are 2 audio listeners in the scene. Please ensure there is always exactly one audio listener in the scene.
There are 2 audio listeners in the scene. Please ensure there is always exactly one audio listener in the scene.
There are 2 audio listeners in the scene. Please ensure there is always exactly one audio listener in the scene.
There are 2 audio listeners in the scene. Please ensure there is always exactly one audio listener in the scene.
There are 2 audio listeners in the scene. Please ensure there is always exactly one audio listener in the scene.
There are 2 audio listeners in the scene. Please ensure there is always exactly one audio listener in the scene.
There are 2 audio listeners in the scene. Please ensure there is always exactly one audio listener in the scene.
There are 2 audio listeners in the scene. Please ensure there is always exactly one audio listener in the scene.
There are 2 audio listeners in the scene. Please ensure there is always exactly one audio listener in the scene.
There are 2 audio listeners in the scene. Please ensure there is always exactly one audio listener in the scene.
There are 2 audio listeners in the scene. Please ensure there is always exactly one audio listener in the scene.
There are 2 audio listeners in the scene. Please ensure there is always exactly one audio listener in the scene.
There are 2 audio listeners in the scene. Please ensure there is always exactly one audio listener in the scene.
There are 2 audio listeners in the scene. Please ensure there is always exactly one audio listener in the scene.
There are 2 audio listeners in the scene. Please ensure there is always exactly one audio listener in the scene.
There are 2 audio listeners in the scene. Please ensure there is always exactly one audio listener in the scene.
There are 2 audio listeners in the scene. Please ensure there is always exactly one audio listener in the scene.
There are 2 audio listeners in the scene. Please ensure there is always exactly one audio listener in the scene.
There are 2 audio listeners in the scene. Please ensure there is always exactly one audio listener in the scene.
There are 2 audio listeners in the scene. Please ensure there is always exactly one audio listener in the scene.
There are 2 audio listeners in the scene. Please ensure there is always exactly one audio listener in the scene.
There are 2 audio listeners in the scene. Please ensure there is always exactly one audio listener in the scene.
There are 2 audio listeners in the scene. Please ensure there is always exactly one audio listener in the scene.
There are 2 audio listeners in the scene. Please ensure there is always exactly one audio listener in the scene.
There are 2 audio listeners in the scene. Please ensure there is always exactly one audio listener in the scene.
There are 2 audio listeners in the scene. Please ensure there is always exactly one audio listener in the scene.
There are 2 audio listeners in the scene. Please ensure there is always exactly one audio listener in the scene.
There are 2 audio listeners in the scene. Please ensure there is always exactly one audio listener in the scene.
There are 2 audio listeners in the scene. Please ensure there is always exactly one audio listener in the scene.
There are 2 audio listeners in the scene. Please ensure there is always exactly one audio listener in the scene.
There are 2 audio listeners in the scene. Please ensure there is always exactly one audio listener in the scene.
There are 2 audio listeners in the scene. Please ensure there is always exactly one audio listener in the scene.
There are 2 audio listeners in the scene. Please ensure there is always exactly one audio listener in the scene.
There are 2 audio listeners in the scene. Please ensure there is always exactly one audio listener in the scene.
There are 2 audio listeners in the scene. Please ensure there is always exactly one audio listener in the scene.
There are 2 audio listeners in the scene. Please ensure there is always exactly one audio listener in the scene.
There are 2 audio listeners in the scene. Please ensure there is always exactly one audio listener in the scene.
There are 2 audio listeners in the scene. Please ensure there is always exactly one audio listener in the scene.
There are 2 audio listeners in the scene. Please ensure there is always exactly one audio listener in the scene.
There are 2 audio listeners in the scene. Please ensure there is always exactly one audio listener in the scene.
There are 2 audio listeners in the scene. Please ensure there is always exactly one audio listener in the scene.
There are 2 audio listeners in the scene. Please ensure there is always exactly one audio listener in the scene.
There are 2 audio listeners in the scene. Please ensure there is always exactly one audio listener in the scene.
There are 2 audio listeners in the scene. Please ensure there is always exactly one audio listener in the scene.
There are 2 audio listeners in the scene. Please ensure there is always exactly one audio listener in the scene.
There are 2 audio listeners in the scene. Please ensure there is always exactly one audio listener in the scene.
There are 2 audio listeners in the scene. Please ensure there is always exactly one audio listener in the scene.
There are 2 audio listeners in the scene. Please ensure there is always exactly one audio listener in the scene.
There are 2 audio listeners in the scene. Please ensure there is always exactly one audio listener in the scene.
There are 2 audio listeners in the scene. Please ensure there is always exactly one audio listener in the scene.
There are 2 audio listeners in the scene. Please ensure there is always exactly one audio listener in the scene.
There are 2 audio listeners in the scene. Please ensure there is always exactly one audio listener in the scene.
There are 2 audio listeners in the scene. Please ensure there is always exactly one audio listener in the scene.
There are 2 audio listeners in the scene. Please ensure there is always exactly one audio listener in the scene.
There are 2 audio listeners in the scene. Please ensure there is always exactly one audio listener in the scene.
There are 2 audio listeners in the scene. Please ensure there is always exactly one audio listener in the scene.
There are 2 audio listeners in the scene. Please ensure there is always exactly one audio listener in the scene.
There are 2 audio listeners in the scene. Please ensure there is always exactly one audio listener in the scene.
There are 2 audio listeners in the scene. Please ensure there is always exactly one audio listener in the scene.
There are 2 audio listeners in the scene. Please ensure there is always exactly one audio listener in the scene.
There are 2 audio listeners in the scene. Please ensure there is always exactly one audio listener in the scene.
There are 2 audio listeners in the scene. Please ensure there is always exactly one audio listener in the scene.
There are 2 audio listeners in the scene. Please ensure there is always exactly one audio listener in the scene.
There are 2 audio listeners in the scene. Please ensure there is always exactly one audio listener in the scene.
There are 2 audio listeners in the scene. Please ensure there is always exactly one audio listener in the scene.
There are 2 audio listeners in the scene. Please ensure there is always exactly one audio listener in the scene.
There are 2 audio listeners in the scene. Please ensure there is always exactly one audio listener in the scene.
There are 2 audio listeners in the scene. Please ensure there is always exactly one audio listener in the scene.
There are 2 audio listeners in the scene. Please ensure there is always exactly one audio listener in the scene.
There are 2 audio listeners in the scene. Please ensure there is always exactly one audio listener in the scene.
There are 2 audio listeners in the scene. Please ensure there is always exactly one audio listener in the scene.
There are 2 audio listeners in the scene. Please ensure there is always exactly one audio listener in the scene.
There are 2 audio listeners in the scene. Please ensure there is always exactly one audio listener in the scene.
There are 2 audio listeners in the scene. Please ensure there is always exactly one audio listener in the scene.
There are 2 audio listeners in the scene. Please ensure there is always exactly one audio listener in the scene.
There are 2 audio listeners in the scene. Please ensure there is always exactly one audio listener in the scene.
There are 2 audio listeners in the scene. Please ensure there is always exactly one audio listener in the scene.
There are 2 audio listeners in the scene. Please ensure there is always exactly one audio listener in the scene.
There are 2 audio listeners in the scene. Please ensure there is always exactly one audio listener in the scene.
There are 2 audio listeners in the scene. Please ensure there is always exactly one audio listener in the scene.
There are 2 audio listeners in the scene. Please ensure there is always exactly one audio listener in the scene.
There are 2 audio listeners in the scene. Please ensure there is always exactly one audio listener in the scene.
There are 2 audio listeners in the scene. Please ensure there is always exactly one audio listener in the scene.
There are 2 audio listeners in the scene. Please ensure there is always exactly one audio listener in the scene.
There are 2 audio listeners in the scene. Please ensure there is always exactly one audio listener in the scene.
There are 2 audio listeners in the scene. Please ensure there is always exactly one audio listener in the scene.
There are 2 audio listeners in the scene. Please ensure there is always exactly one audio listener in the scene.
There are 2 audio listeners in the scene. Please ensure there is always exactly one audio listener in the scene.
There are 2 audio listeners in the scene. Please ensure there is always exactly one audio listener in the scene.
There are 2 audio listeners in the scene. Please ensure there is always exactly one audio listener in the scene.
There are 2 audio listeners in the scene. Please ensure there is always exactly one audio listener in the scene.
There are 2 audio listeners in the scene. Please ensure there is always exactly one audio listener in the scene.
There are 2 audio listeners in the scene. Please ensure there is always exactly one audio listener in the scene.
There are 2 audio listeners in the scene. Please ensure there is always exactly one audio listener in the scene.
There are 2 audio listeners in the scene. Please ensure there is always exactly one audio listener in the scene.
There are 2 audio listeners in the scene. Please ensure there is always exactly one audio listener in the scene.
There are 2 audio listeners in the scene. Please ensure there is always exactly one audio listener in the scene.
There are 2 audio listeners in the scene. Please ensure there is always exactly one audio listener in the scene.
There are 2 audio listeners in the scene. Please ensure there is always exactly one audio listener in the scene.
There are 2 audio listeners in the scene. Please ensure there is always exactly one audio listener in the scene.
There are 2 audio listeners in the scene. Please ensure there is always exactly one audio listener in the scene.
There are 2 audio listeners in the scene. Please ensure there is always exactly one audio listener in the scene.
There are 2 audio listeners in the scene. Please ensure there is always exactly one audio listener in the scene.
There are 2 audio listeners in the scene. Please ensure there is always exactly one audio listener in the scene.
There are 2 audio listeners in the scene. Please ensure there is always exactly one audio listener in the scene.
There are 2 audio listeners in the scene. Please ensure there is always exactly one audio listener in the scene.
There are 2 audio listeners in the scene. Please ensure there is always exactly one audio listener in the scene.
There are 2 audio listeners in the scene. Please ensure there is always exactly one audio listener in the scene.
There are 2 audio listeners in the scene. Please ensure there is always exactly one audio listener in the scene.
There are 2 audio listeners in the scene. Please ensure there is always exactly one audio listener in the scene.
There are 2 audio listeners in the scene. Please ensure there is always exactly one audio listener in the scene.
There are 2 audio listeners in the scene. Please ensure there is always exactly one audio listener in the scene.
There are 2 audio listeners in the scene. Please ensure there is always exactly one audio listener in the scene.
There are 2 audio listeners in the scene. Please ensure there is always exactly one audio listener in the scene.
There are 2 audio listeners in the scene. Please ensure there is always exactly one audio listener in the scene.
There are 2 audio listeners in the scene. Please ensure there is always exactly one audio listener in the scene.
There are 2 audio listeners in the scene. Please ensure there is always exactly one audio listener in the scene.
There are 2 audio listeners in the scene. Please ensure there is always exactly one audio listener in the scene.
There are 2 audio listeners in the scene. Please ensure there is always exactly one audio listener in the scene.
There are 2 audio listeners in the scene. Please ensure there is always exactly one audio listener in the scene.
There are 2 audio listeners in the scene. Please ensure there is always exactly one audio listener in the scene.
There are 2 audio listeners in the scene. Please ensure there is always exactly one audio listener in the scene.
There are 2 audio listeners in the scene. Please ensure there is always exactly one audio listener in the scene.
There are 2 audio listeners in the scene. Please ensure there is always exactly one audio listener in the scene.
There are 2 audio listeners in the scene. Please ensure there is always exactly one audio listener in the scene.
There are 2 audio listeners in the scene. Please ensure there is always exactly one audio listener in the scene.
There are 2 audio listeners in the scene. Please ensure there is always exactly one audio listener in the scene.
There are 2 audio listeners in the scene. Please ensure there is always exactly one audio listener in the scene.
There are 2 audio listeners in the scene. Please ensure there is always exactly one audio listener in the scene.
There are 2 audio listeners in the scene. Please ensure there is always exactly one audio listener in the scene.
There are 2 audio listeners in the scene. Please ensure there is always exactly one audio listener in the scene.
There are 2 audio listeners in the scene. Please ensure there is always exactly one audio listener in the scene.
There are 2 audio listeners in the scene. Please ensure there is always exactly one audio listener in the scene.
There are 2 audio listeners in the scene. Please ensure there is always exactly one audio listener in the scene.
There are 2 audio listeners in the scene. Please ensure there is always exactly one audio listener in the scene.
There are 2 audio listeners in the scene. Please ensure there is always exactly one audio listener in the scene.
There are 2 audio listeners in the scene. Please ensure there is always exactly one audio listener in the scene.
There are 2 audio listeners in the scene. Please ensure there is always exactly one audio listener in the scene.
There are 2 audio listeners in the scene. Please ensure there is always exactly one audio listener in the scene.
There are 2 audio listeners in the scene. Please ensure there is always exactly one audio listener in the scene.
There are 2 audio listeners in the scene. Please ensure there is always exactly one audio listener in the scene.
There are 2 audio listeners in the scene. Please ensure there is always exactly one audio listener in the scene.
There are 2 audio listeners in the scene. Please ensure there is always exactly one audio listener in the scene.
There are 2 audio listeners in the scene. Please ensure there is always exactly one audio listener in the scene.
There are 2 audio listeners in the scene. Please ensure there is always exactly one audio listener in the scene.
There are 2 audio listeners in the scene. Please ensure there is always exactly one audio listener in the scene.
There are 2 audio listeners in the scene. Please ensure there is always exactly one audio listener in the scene.
There are 2 audio listeners in the scene. Please ensure there is always exactly one audio listener in the scene.
There are 2 audio listeners in the scene. Please ensure there is always exactly one audio listener in the scene.
There are 2 audio listeners in the scene. Please ensure there is always exactly one audio listener in the scene.
There are 2 audio listeners in the scene. Please ensure there is always exactly one audio listener in the scene.
There are 2 audio listeners in the scene. Please ensure there is always exactly one audio listener in the scene.
There are 2 audio listeners in the scene. Please ensure there is always exactly one audio listener in the scene.
There are 2 audio listeners in the scene. Please ensure there is always exactly one audio listener in the scene.
There are 2 audio listeners in the scene. Please ensure there is always exactly one audio listener in the scene.
There are 2 audio listeners in the scene. Please ensure there is always exactly one audio listener in the scene.
There are 2 audio listeners in the scene. Please ensure there is always exactly one audio listener in the scene.
There are 2 audio listeners in the scene. Please ensure there is always exactly one audio listener in the scene.
There are 2 audio listeners in the scene. Please ensure there is always exactly one audio listener in the scene.
There are 2 audio listeners in the scene. Please ensure there is always exactly one audio listener in the scene.
There are 2 audio listeners in the scene. Please ensure there is always exactly one audio listener in the scene.
There are 2 audio listeners in the scene. Please ensure there is always exactly one audio listener in the scene.
There are 2 audio listeners in the scene. Please ensure there is always exactly one audio listener in the scene.
There are 2 audio listeners in the scene. Please ensure there is always exactly one audio listener in the scene.
There are 2 audio listeners in the scene. Please ensure there is always exactly one audio listener in the scene.
There are 2 audio listeners in the scene. Please ensure there is always exactly one audio listener in the scene.
There are 2 audio listeners in the scene. Please ensure there is always exactly one audio listener in the scene.
There are 2 audio listeners in the scene. Please ensure there is always exactly one audio listener in the scene.
There are 2 audio listeners in the scene. Please ensure there is always exactly one audio listener in the scene.
There are 2 audio listeners in the scene. Please ensure there is always exactly one audio listener in the scene.
There are 2 audio listeners in the scene. Please ensure there is always exactly one audio listener in the scene.
There are 2 audio listeners in the scene. Please ensure there is always exactly one audio listener in the scene.
There are 2 audio listeners in the scene. Please ensure there is always exactly one audio listener in the scene.
There are 2 audio listeners in the scene. Please ensure there is always exactly one audio listener in the scene.
There are 2 audio listeners in the scene. Please ensure there is always exactly one audio listener in the scene.
There are 2 audio listeners in the scene. Please ensure there is always exactly one audio listener in the scene.
There are 2 audio listeners in the scene. Please ensure there is always exactly one audio listener in the scene.
There are 2 audio listeners in the scene. Please ensure there is always exactly one audio listener in the scene.
There are 2 audio listeners in the scene. Please ensure there is always exactly one audio listener in the scene.
There are 2 audio listeners in the scene. Please ensure there is always exactly one audio listener in the scene.
There are 2 audio listeners in the scene. Please ensure there is always exactly one audio listener in the scene.
There are 2 audio listeners in the scene. Please ensure there is always exactly one audio listener in the scene.
There are 2 audio listeners in the scene. Please ensure there is always exactly one audio listener in the scene.
There are 2 audio listeners in the scene. Please ensure there is always exactly one audio listener in the scene.
There are 2 audio listeners in the scene. Please ensure there is always exactly one audio listener in the scene.
There are 2 audio listeners in the scene. Please ensure there is always exactly one audio listener in the scene.
There are 2 audio listeners in the scene. Please ensure there is always exactly one audio listener in the scene.
There are 2 audio listeners in the scene. Please ensure there is always exactly one audio listener in the scene.
There are 2 audio listeners in the scene. Please ensure there is always exactly one audio listener in the scene.
There are 2 audio listeners in the scene. Please ensure there is always exactly one audio listener in the scene.
There are 2 audio listeners in the scene. Please ensure there is always exactly one audio listener in the scene.
There are 2 audio listeners in the scene. Please ensure there is always exactly one audio listener in the scene.
There are 2 audio listeners in the scene. Please ensure there is always exactly one audio listener in the scene.
There are 2 audio listeners in the scene. Please ensure there is always exactly one audio listener in the scene.
There are 2 audio listeners in the scene. Please ensure there is always exactly one audio listener in the scene.
There are 2 audio listeners in the scene. Please ensure there is always exactly one audio listener in the scene.
There are 2 audio listeners in the scene. Please ensure there is always exactly one audio listener in the scene.
There are 2 audio listeners in the scene. Please ensure there is always exactly one audio listener in the scene.
There are 2 audio listeners in the scene. Please ensure there is always exactly one audio listener in the scene.
There are 2 audio listeners in the scene. Please ensure there is always exactly one audio listener in the scene.
There are 2 audio listeners in the scene. Please ensure there is always exactly one audio listener in the scene.
There are 2 audio listeners in the scene. Please ensure there is always exactly one audio listener in the scene.
There are 2 audio listeners in the scene. Please ensure there is always exactly one audio listener in the scene.
There are 2 audio listeners in the scene. Please ensure there is always exactly one audio listener in the scene.
There are 2 audio listeners in the scene. Please ensure there is always exactly one audio listener in the scene.
There are 2 audio listeners in the scene. Please ensure there is always exactly one audio listener in the scene.
There are 2 audio listeners in the scene. Please ensure there is always exactly one audio listener in the scene.
There are 2 audio listeners in the scene. Please ensure there is always exactly one audio listener in the scene.
There are 2 audio listeners in the scene. Please ensure there is always exactly one audio listener in the scene.
There are 2 audio listeners in the scene. Please ensure there is always exactly one audio listener in the scene.
There are 2 audio listeners in the scene. Please ensure there is always exactly one audio listener in the scene.
There are 2 audio listeners in the scene. Please ensure there is always exactly one audio listener in the scene.
There are 2 audio listeners in the scene. Please ensure there is always exactly one audio listener in the scene.
There are 2 audio listeners in the scene. Please ensure there is always exactly one audio listener in the scene.
There are 2 audio listeners in the scene. Please ensure there is always exactly one audio listener in the scene.
There are 2 audio listeners in the scene. Please ensure there is always exactly one audio listener in the scene.
There are 2 audio listeners in the scene. Please ensure there is always exactly one audio listener in the scene.
There are 2 audio listeners in the scene. Please ensure there is always exactly one audio listener in the scene.
There are 2 audio listeners in the scene. Please ensure there is always exactly one audio listener in the scene.
There are 2 audio listeners in the scene. Please ensure there is always exactly one audio listener in the scene.
There are 2 audio listeners in the scene. Please ensure there is always exactly one audio listener in the scene.
There are 2 audio listeners in the scene. Please ensure there is always exactly one audio listener in the scene.
There are 2 audio listeners in the scene. Please ensure there is always exactly one audio listener in the scene.
Unloading 0 Unused Serialized files (Serialized files now loaded: 0)
Loaded scene 'Temp/__Backupscenes/0.backup'
	Deserialize:            9.716 ms
	Integration:            276.987 ms
	Integration of assets:  0.009 ms
	Thread Wait Time:       0.029 ms
	Total Operation Time:   286.741 ms
Unloading 157 unused Assets / (52.1 KB). Loaded Objects now: 10361.
Memory consumption went from 0.66 GB to 0.66 GB.
Total: 28.130400 ms (FindLiveObjects: 1.092000 ms CreateObjectMapping: 1.905600 ms MarkObjects: 23.070800 ms  DeleteObjects: 2.060000 ms)

[LAYOUT] About to load C:/Users/bhask/AppData/Roaming/Unity/Editor-5.x/Preferences\Layouts\default\2 by 3.wlt, keepMainWindow=True
[LAYOUT] About to save layout C:\Users\bhask\OneDrive\Desktop\My project\UserSettings\Layouts\default-6000.dwlt
[LAYOUT] About to save layout C:/Users/bhask/AppData/Roaming/Unity/Editor-5.x/Preferences\Layouts\current\default-6000.dwlt
Importing 'GUID: 22c6bea1e6c94574d9353282d02a8a8f - Path: Assets/new game.unity' with importer (DefaultImporter)
Imported 'GUID: 22c6bea1e6c94574d9353282d02a8a8f' -> (Import Result ID: 'a0ce8b037530555d68f1afeb272c4d85') in 0.018 seconds [static dependencies only]. Details - ImportResultOutputID=daf58980d563cccef2d54613cac4a391 DependenciesID=6409d462f43a6be9316e3d9959552d7a StaticDependenciesID=4d3ea03fbdad1404ee76066eac4b0780 
Refreshing native plugins compatible for Editor in 2.40 ms, found 4 plugins.
Asset Pipeline Refresh (id=5fa5d5e27e2cfbf4cb0cc9a19d1e0680): Total: 0.212 seconds - Initiated by StopAssetImportingV2(NoUpdateAssetOptions)
Reloading assemblies for play mode.
Reloading assemblies after forced synchronous recompile.
[Licensing::Client] Successfully resolved entitlement details
Begin MonoManager ReloadAssembly
Refreshing native plugins compatible for Editor in 3.01 ms, found 4 plugins.
Native extension for Android target not found
Native extension for WindowsStandalone target not found
Native extension for WebGL target not found
ScheduleIndexationOnStartup MainProcess:True IndexOnStartup:True
[MODES] ModeService[none].Initialize
[MODES] ModeService[none].LoadModes
[Licensing::Client] Successfully resolved entitlement details
Mono: successfully reloaded assembly
- Finished resetting the current domain, in  2.239 seconds
Domain Reload Profiling: 3432ms
	BeginReloadAssembly (837ms)
		DisableScriptedObjects (124ms)
		CreateAndSetChildDomain (518ms)
	RebuildCommonClasses (12ms)
	RebuildNativeTypeToScriptingClass (18ms)
	initialDomainReloadingComplete (69ms)
	LoadAllAssembliesAndSetupDomain (256ms)
		LoadAssemblies (195ms)
		AnalyzeDomain (42ms)
			TypeCache.Refresh (10ms)
			ResolveRequiredComponents (27ms)
	FinalizeReload (2240ms)
		SetupLoadedEditorAssemblies (0ms)
			InitializePlatformSupportModulesInManaged (16ms)
			BeforeProcessingInitializeOnLoad (97ms)
			ProcessInitializeOnLoadAttributes (523ms)
			ProcessInitializeOnLoadMethodAttributes (221ms)
			AfterProcessingInitializeOnLoad (6ms)
		AwakeInstancesAfterBackupRestoration (679ms)

Asset Pipeline Refresh (id=c7188d33161d73548bded7235495b718): Total: 3.993 seconds - Initiated by StopAssetImportingV2(ForceSynchronousImport | ForceDomainReload)
	(Values over 0.05ms)
	Summary:
		Imports: total=0 (actual=0, local cache=0, cache server=0)
		Asset DB Process Time: managed=0 ms, native=2436 ms
		Asset DB Callback time: managed=38 ms, native=1 ms
		Scripting: domain reloads=1, domain reload time=1514 ms, compile time=1 ms, other=0 ms
		Project Asset Count: scripts=1496, non-scripts=2925
		Asset File Changes: new=0, changed=0, moved=0, deleted=0
		Scan Filter Count: 0
	InvokePackagesCallback: 3.130ms
	ApplyChangesToAssetFolders: 0.434ms
	Collect global state as custom dependencies: 7.080ms
	ProcessAssetsWithTransientArtifactChanges: 0.370ms
	CategorizeAssets: 60.376ms
	CompileScripts: 1.414ms
	ImportOutOfDateAssets: 2299.273ms (2256.459ms without children)
		CollectScriptTypesHashes: 0.970ms
		ReloadNativeAssets: 1.606ms
		UnloadImportedAssets: 0.389ms
		EnsureUptoDateAssetsAreRegisteredWithGuidPM: 0.855ms
		ImportSchedulerStart: 39.929ms
	PostProcessAllAssets: 38.838ms
		MonoPostProcessAllAssets: 38.832ms
			UniversalRenderPipelineGlobalSettingsPostprocessor.OnPostprocessAllAssets 13.598ms
			AssetChangedListener.OnPostprocessAllAssets 8.018ms
			AssetPostprocessor.OnPostprocessAllAssets 6.726ms
			BuilderAssetPostprocessor.OnPostprocessAllAssets 6.540ms
			SyncVS.PostprocessSyncProject 3.499ms
			WindowAssetPostprocessingWatcher.OnPostprocessAllAssets 2.617ms
			ShaderGraphAssetPostProcessor.OnPostprocessAllAssets 2.544ms
			SpeedTree9Postprocessor.OnPostprocessAllAssets 2.192ms
			RetainedModeAssetPostprocessor.OnPostprocessAllAssets 1.697ms
			TMPro_TexturePostProcessor.OnPostprocessAllAssets 1.124ms
			RenderPipelineGlobalSettingsPostprocessor.OnPostprocessAllAssets 0.894ms
			ProjectSettingsPostprocessor.OnPostprocessAllAssets 0.804ms
			ArtifactBrowserPostProcessor.OnPostprocessAllAssets 0.738ms
			MaterialPostprocessor.OnPostprocessAllAssets 0.568ms
			TextAssetPostProcessor.OnPostprocessAllAssets 0.528ms
			AudioMixerPostprocessor.OnPostprocessAllAssets 0.492ms
			ShaderReflectionAssetPostProcessor.OnPostprocessAllAssets 0.487ms
			SampleDependencyImporterPostProcessor.OnPostprocessAllAssets 0.417ms
			UVCSAssetPostprocessor.OnPostprocessAllAssets 0.393ms
			EditModeScopePostprocessor.OnPostprocessAllAssets 0.373ms
			PostProcessor.OnPostprocessAllAssets 0.353ms
			InputActionAssetPostprocessor.OnPostprocessAllAssets 0.348ms
			InputActionJsonNameModifierAssetProcessor.OnPostprocessAllAssets 0.347ms
			ReferencedClipsPostProcessor.OnPostprocessAllAssets 0.341ms
			StyleCatalogPostProcessor.OnPostprocessAllAssets 0.318ms
			AssetEvents.OnPostprocessAllAssets 0.303ms
			SpeedTreePostProcessor.OnPostprocessAllAssets 0.229ms
			AssetDatabaseCallbacks.OnPostprocessAllAssets 0.219ms
			ScenarioDriftAssetsTracker.OnPostprocessAllAssets 0.200ms
			TerrainToolbarOverlayPostProcessor.OnPostprocessAllAssets 0.196ms
			SamplePostprocessor.OnPostprocessAllAssets 0.186ms
			AudioContainerPostProcessor.OnPostprocessAllAssets 0.147ms
			ConfigAssetsTracker.OnPostprocessAllAssets 0.144ms
			AssetReloadNotifier.OnPostprocessAllAssets 0.120ms
	GatherAllCurrentPrimaryImportResultRevisions: 0.284ms
	UnloadStreamsBegin: 2.399ms
	PersistCurrentRevisions: 0.286ms
	GenerateScriptTypeHashes: 3.135ms
	GenerateScriptTypeSerializationHashes: 5.187ms
	Untracked: 1573.945ms

Loaded scene 'Temp/__Backupscenes/0.backup'
	Deserialize:            17.215 ms
	Integration:            389.050 ms
	Integration of assets:  0.020 ms
	Thread Wait Time:       -0.002 ms
	Total Operation Time:   406.282 ms
There are 2 audio listeners in the scene. Please ensure there is always exactly one audio listener in the scene.
There are 2 audio listeners in the scene. Please ensure there is always exactly one audio listener in the scene.
[Licensing::Client] Successfully resolved entitlement details
[Licensing::Client] Successfully resolved entitlement details
There are 2 audio listeners in the scene. Please ensure there is always exactly one audio listener in the scene.
There are 2 audio listeners in the scene. Please ensure there is always exactly one audio listener in the scene.
There are 2 audio listeners in the scene. Please ensure there is always exactly one audio listener in the scene.
There are 2 audio listeners in the scene. Please ensure there is always exactly one audio listener in the scene.
There are 2 audio listeners in the scene. Please ensure there is always exactly one audio listener in the scene.
There are 2 audio listeners in the scene. Please ensure there is always exactly one audio listener in the scene.
There are 2 audio listeners in the scene. Please ensure there is always exactly one audio listener in the scene.
There are 2 audio listeners in the scene. Please ensure there is always exactly one audio listener in the scene.
There are 2 audio listeners in the scene. Please ensure there is always exactly one audio listener in the scene.
There are 2 audio listeners in the scene. Please ensure there is always exactly one audio listener in the scene.
There are 2 audio listeners in the scene. Please ensure there is always exactly one audio listener in the scene.
There are 2 audio listeners in the scene. Please ensure there is always exactly one audio listener in the scene.
There are 2 audio listeners in the scene. Please ensure there is always exactly one audio listener in the scene.
There are 2 audio listeners in the scene. Please ensure there is always exactly one audio listener in the scene.
There are 2 audio listeners in the scene. Please ensure there is always exactly one audio listener in the scene.
There are 2 audio listeners in the scene. Please ensure there is always exactly one audio listener in the scene.
There are 2 audio listeners in the scene. Please ensure there is always exactly one audio listener in the scene.
There are 2 audio listeners in the scene. Please ensure there is always exactly one audio listener in the scene.
There are 2 audio listeners in the scene. Please ensure there is always exactly one audio listener in the scene.
There are 2 audio listeners in the scene. Please ensure there is always exactly one audio listener in the scene.
There are 2 audio listeners in the scene. Please ensure there is always exactly one audio listener in the scene.
There are 2 audio listeners in the scene. Please ensure there is always exactly one audio listener in the scene.
There are 2 audio listeners in the scene. Please ensure there is always exactly one audio listener in the scene.
There are 2 audio listeners in the scene. Please ensure there is always exactly one audio listener in the scene.
There are 2 audio listeners in the scene. Please ensure there is always exactly one audio listener in the scene.
There are 2 audio listeners in the scene. Please ensure there is always exactly one audio listener in the scene.
There are 2 audio listeners in the scene. Please ensure there is always exactly one audio listener in the scene.
There are 2 audio listeners in the scene. Please ensure there is always exactly one audio listener in the scene.
There are 2 audio listeners in the scene. Please ensure there is always exactly one audio listener in the scene.
There are 2 audio listeners in the scene. Please ensure there is always exactly one audio listener in the scene.
There are 2 audio listeners in the scene. Please ensure there is always exactly one audio listener in the scene.
There are 2 audio listeners in the scene. Please ensure there is always exactly one audio listener in the scene.
There are 2 audio listeners in the scene. Please ensure there is always exactly one audio listener in the scene.
There are 2 audio listeners in the scene. Please ensure there is always exactly one audio listener in the scene.
There are 2 audio listeners in the scene. Please ensure there is always exactly one audio listener in the scene.
There are 2 audio listeners in the scene. Please ensure there is always exactly one audio listener in the scene.
There are 2 audio listeners in the scene. Please ensure there is always exactly one audio listener in the scene.
There are 2 audio listeners in the scene. Please ensure there is always exactly one audio listener in the scene.
There are 2 audio listeners in the scene. Please ensure there is always exactly one audio listener in the scene.
There are 2 audio listeners in the scene. Please ensure there is always exactly one audio listener in the scene.
There are 2 audio listeners in the scene. Please ensure there is always exactly one audio listener in the scene.
There are 2 audio listeners in the scene. Please ensure there is always exactly one audio listener in the scene.
There are 2 audio listeners in the scene. Please ensure there is always exactly one audio listener in the scene.
There are 2 audio listeners in the scene. Please ensure there is always exactly one audio listener in the scene.
There are 2 audio listeners in the scene. Please ensure there is always exactly one audio listener in the scene.
There are 2 audio listeners in the scene. Please ensure there is always exactly one audio listener in the scene.
There are 2 audio listeners in the scene. Please ensure there is always exactly one audio listener in the scene.
There are 2 audio listeners in the scene. Please ensure there is always exactly one audio listener in the scene.
There are 2 audio listeners in the scene. Please ensure there is always exactly one audio listener in the scene.
There are 2 audio listeners in the scene. Please ensure there is always exactly one audio listener in the scene.
There are 2 audio listeners in the scene. Please ensure there is always exactly one audio listener in the scene.
There are 2 audio listeners in the scene. Please ensure there is always exactly one audio listener in the scene.
There are 2 audio listeners in the scene. Please ensure there is always exactly one audio listener in the scene.
There are 2 audio listeners in the scene. Please ensure there is always exactly one audio listener in the scene.
There are 2 audio listeners in the scene. Please ensure there is always exactly one audio listener in the scene.
There are 2 audio listeners in the scene. Please ensure there is always exactly one audio listener in the scene.
There are 2 audio listeners in the scene. Please ensure there is always exactly one audio listener in the scene.
There are 2 audio listeners in the scene. Please ensure there is always exactly one audio listener in the scene.
There are 2 audio listeners in the scene. Please ensure there is always exactly one audio listener in the scene.
There are 2 audio listeners in the scene. Please ensure there is always exactly one audio listener in the scene.
There are 2 audio listeners in the scene. Please ensure there is always exactly one audio listener in the scene.
There are 2 audio listeners in the scene. Please ensure there is always exactly one audio listener in the scene.
There are 2 audio listeners in the scene. Please ensure there is always exactly one audio listener in the scene.
There are 2 audio listeners in the scene. Please ensure there is always exactly one audio listener in the scene.
There are 2 audio listeners in the scene. Please ensure there is always exactly one audio listener in the scene.
There are 2 audio listeners in the scene. Please ensure there is always exactly one audio listener in the scene.
There are 2 audio listeners in the scene. Please ensure there is always exactly one audio listener in the scene.
There are 2 audio listeners in the scene. Please ensure there is always exactly one audio listener in the scene.
There are 2 audio listeners in the scene. Please ensure there is always exactly one audio listener in the scene.
There are 2 audio listeners in the scene. Please ensure there is always exactly one audio listener in the scene.
There are 2 audio listeners in the scene. Please ensure there is always exactly one audio listener in the scene.
There are 2 audio listeners in the scene. Please ensure there is always exactly one audio listener in the scene.
There are 2 audio listeners in the scene. Please ensure there is always exactly one audio listener in the scene.
There are 2 audio listeners in the scene. Please ensure there is always exactly one audio listener in the scene.
There are 2 audio listeners in the scene. Please ensure there is always exactly one audio listener in the scene.
There are 2 audio listeners in the scene. Please ensure there is always exactly one audio listener in the scene.
There are 2 audio listeners in the scene. Please ensure there is always exactly one audio listener in the scene.
There are 2 audio listeners in the scene. Please ensure there is always exactly one audio listener in the scene.
There are 2 audio listeners in the scene. Please ensure there is always exactly one audio listener in the scene.
There are 2 audio listeners in the scene. Please ensure there is always exactly one audio listener in the scene.
There are 2 audio listeners in the scene. Please ensure there is always exactly one audio listener in the scene.
There are 2 audio listeners in the scene. Please ensure there is always exactly one audio listener in the scene.
There are 2 audio listeners in the scene. Please ensure there is always exactly one audio listener in the scene.
There are 2 audio listeners in the scene. Please ensure there is always exactly one audio listener in the scene.
There are 2 audio listeners in the scene. Please ensure there is always exactly one audio listener in the scene.
There are 2 audio listeners in the scene. Please ensure there is always exactly one audio listener in the scene.
There are 2 audio listeners in the scene. Please ensure there is always exactly one audio listener in the scene.
There are 2 audio listeners in the scene. Please ensure there is always exactly one audio listener in the scene.
There are 2 audio listeners in the scene. Please ensure there is always exactly one audio listener in the scene.
There are 2 audio listeners in the scene. Please ensure there is always exactly one audio listener in the scene.
There are 2 audio listeners in the scene. Please ensure there is always exactly one audio listener in the scene.
There are 2 audio listeners in the scene. Please ensure there is always exactly one audio listener in the scene.
There are 2 audio listeners in the scene. Please ensure there is always exactly one audio listener in the scene.
There are 2 audio listeners in the scene. Please ensure there is always exactly one audio listener in the scene.
There are 2 audio listeners in the scene. Please ensure there is always exactly one audio listener in the scene.
There are 2 audio listeners in the scene. Please ensure there is always exactly one audio listener in the scene.
There are 2 audio listeners in the scene. Please ensure there is always exactly one audio listener in the scene.
There are 2 audio listeners in the scene. Please ensure there is always exactly one audio listener in the scene.
There are 2 audio listeners in the scene. Please ensure there is always exactly one audio listener in the scene.
There are 2 audio listeners in the scene. Please ensure there is always exactly one audio listener in the scene.
There are 2 audio listeners in the scene. Please ensure there is always exactly one audio listener in the scene.
There are 2 audio listeners in the scene. Please ensure there is always exactly one audio listener in the scene.
There are 2 audio listeners in the scene. Please ensure there is always exactly one audio listener in the scene.
There are 2 audio listeners in the scene. Please ensure there is always exactly one audio listener in the scene.
There are 2 audio listeners in the scene. Please ensure there is always exactly one audio listener in the scene.
There are 2 audio listeners in the scene. Please ensure there is always exactly one audio listener in the scene.
There are 2 audio listeners in the scene. Please ensure there is always exactly one audio listener in the scene.
There are 2 audio listeners in the scene. Please ensure there is always exactly one audio listener in the scene.
There are 2 audio listeners in the scene. Please ensure there is always exactly one audio listener in the scene.
There are 2 audio listeners in the scene. Please ensure there is always exactly one audio listener in the scene.
There are 2 audio listeners in the scene. Please ensure there is always exactly one audio listener in the scene.
There are 2 audio listeners in the scene. Please ensure there is always exactly one audio listener in the scene.
There are 2 audio listeners in the scene. Please ensure there is always exactly one audio listener in the scene.
There are 2 audio listeners in the scene. Please ensure there is always exactly one audio listener in the scene.
There are 2 audio listeners in the scene. Please ensure there is always exactly one audio listener in the scene.
There are 2 audio listeners in the scene. Please ensure there is always exactly one audio listener in the scene.
There are 2 audio listeners in the scene. Please ensure there is always exactly one audio listener in the scene.
There are 2 audio listeners in the scene. Please ensure there is always exactly one audio listener in the scene.
There are 2 audio listeners in the scene. Please ensure there is always exactly one audio listener in the scene.
There are 2 audio listeners in the scene. Please ensure there is always exactly one audio listener in the scene.
There are 2 audio listeners in the scene. Please ensure there is always exactly one audio listener in the scene.
There are 2 audio listeners in the scene. Please ensure there is always exactly one audio listener in the scene.
There are 2 audio listeners in the scene. Please ensure there is always exactly one audio listener in the scene.
There are 2 audio listeners in the scene. Please ensure there is always exactly one audio listener in the scene.
There are 2 audio listeners in the scene. Please ensure there is always exactly one audio listener in the scene.
There are 2 audio listeners in the scene. Please ensure there is always exactly one audio listener in the scene.
There are 2 audio listeners in the scene. Please ensure there is always exactly one audio listener in the scene.
There are 2 audio listeners in the scene. Please ensure there is always exactly one audio listener in the scene.
There are 2 audio listeners in the scene. Please ensure there is always exactly one audio listener in the scene.
There are 2 audio listeners in the scene. Please ensure there is always exactly one audio listener in the scene.
There are 2 audio listeners in the scene. Please ensure there is always exactly one audio listener in the scene.
There are 2 audio listeners in the scene. Please ensure there is always exactly one audio listener in the scene.
There are 2 audio listeners in the scene. Please ensure there is always exactly one audio listener in the scene.
There are 2 audio listeners in the scene. Please ensure there is always exactly one audio listener in the scene.
There are 2 audio listeners in the scene. Please ensure there is always exactly one audio listener in the scene.
There are 2 audio listeners in the scene. Please ensure there is always exactly one audio listener in the scene.
There are 2 audio listeners in the scene. Please ensure there is always exactly one audio listener in the scene.
There are 2 audio listeners in the scene. Please ensure there is always exactly one audio listener in the scene.
There are 2 audio listeners in the scene. Please ensure there is always exactly one audio listener in the scene.
There are 2 audio listeners in the scene. Please ensure there is always exactly one audio listener in the scene.
There are 2 audio listeners in the scene. Please ensure there is always exactly one audio listener in the scene.
There are 2 audio listeners in the scene. Please ensure there is always exactly one audio listener in the scene.
There are 2 audio listeners in the scene. Please ensure there is always exactly one audio listener in the scene.
There are 2 audio listeners in the scene. Please ensure there is always exactly one audio listener in the scene.
There are 2 audio listeners in the scene. Please ensure there is always exactly one audio listener in the scene.
There are 2 audio listeners in the scene. Please ensure there is always exactly one audio listener in the scene.
There are 2 audio listeners in the scene. Please ensure there is always exactly one audio listener in the scene.
There are 2 audio listeners in the scene. Please ensure there is always exactly one audio listener in the scene.
There are 2 audio listeners in the scene. Please ensure there is always exactly one audio listener in the scene.
There are 2 audio listeners in the scene. Please ensure there is always exactly one audio listener in the scene.
There are 2 audio listeners in the scene. Please ensure there is always exactly one audio listener in the scene.
There are 2 audio listeners in the scene. Please ensure there is always exactly one audio listener in the scene.
There are 2 audio listeners in the scene. Please ensure there is always exactly one audio listener in the scene.
There are 2 audio listeners in the scene. Please ensure there is always exactly one audio listener in the scene.
There are 2 audio listeners in the scene. Please ensure there is always exactly one audio listener in the scene.
There are 2 audio listeners in the scene. Please ensure there is always exactly one audio listener in the scene.
There are 2 audio listeners in the scene. Please ensure there is always exactly one audio listener in the scene.
There are 2 audio listeners in the scene. Please ensure there is always exactly one audio listener in the scene.
There are 2 audio listeners in the scene. Please ensure there is always exactly one audio listener in the scene.
There are 2 audio listeners in the scene. Please ensure there is always exactly one audio listener in the scene.
There are 2 audio listeners in the scene. Please ensure there is always exactly one audio listener in the scene.
There are 2 audio listeners in the scene. Please ensure there is always exactly one audio listener in the scene.
There are 2 audio listeners in the scene. Please ensure there is always exactly one audio listener in the scene.
There are 2 audio listeners in the scene. Please ensure there is always exactly one audio listener in the scene.
There are 2 audio listeners in the scene. Please ensure there is always exactly one audio listener in the scene.
There are 2 audio listeners in the scene. Please ensure there is always exactly one audio listener in the scene.
There are 2 audio listeners in the scene. Please ensure there is always exactly one audio listener in the scene.
There are 2 audio listeners in the scene. Please ensure there is always exactly one audio listener in the scene.
There are 2 audio listeners in the scene. Please ensure there is always exactly one audio listener in the scene.
There are 2 audio listeners in the scene. Please ensure there is always exactly one audio listener in the scene.
There are 2 audio listeners in the scene. Please ensure there is always exactly one audio listener in the scene.
There are 2 audio listeners in the scene. Please ensure there is always exactly one audio listener in the scene.
There are 2 audio listeners in the scene. Please ensure there is always exactly one audio listener in the scene.
There are 2 audio listeners in the scene. Please ensure there is always exactly one audio listener in the scene.
There are 2 audio listeners in the scene. Please ensure there is always exactly one audio listener in the scene.
There are 2 audio listeners in the scene. Please ensure there is always exactly one audio listener in the scene.
There are 2 audio listeners in the scene. Please ensure there is always exactly one audio listener in the scene.
There are 2 audio listeners in the scene. Please ensure there is always exactly one audio listener in the scene.
There are 2 audio listeners in the scene. Please ensure there is always exactly one audio listener in the scene.
There are 2 audio listeners in the scene. Please ensure there is always exactly one audio listener in the scene.
There are 2 audio listeners in the scene. Please ensure there is always exactly one audio listener in the scene.
There are 2 audio listeners in the scene. Please ensure there is always exactly one audio listener in the scene.
There are 2 audio listeners in the scene. Please ensure there is always exactly one audio listener in the scene.
There are 2 audio listeners in the scene. Please ensure there is always exactly one audio listener in the scene.
There are 2 audio listeners in the scene. Please ensure there is always exactly one audio listener in the scene.
There are 2 audio listeners in the scene. Please ensure there is always exactly one audio listener in the scene.
There are 2 audio listeners in the scene. Please ensure there is always exactly one audio listener in the scene.
There are 2 audio listeners in the scene. Please ensure there is always exactly one audio listener in the scene.
There are 2 audio listeners in the scene. Please ensure there is always exactly one audio listener in the scene.
There are 2 audio listeners in the scene. Please ensure there is always exactly one audio listener in the scene.
There are 2 audio listeners in the scene. Please ensure there is always exactly one audio listener in the scene.
There are 2 audio listeners in the scene. Please ensure there is always exactly one audio listener in the scene.
There are 2 audio listeners in the scene. Please ensure there is always exactly one audio listener in the scene.
There are 2 audio listeners in the scene. Please ensure there is always exactly one audio listener in the scene.
There are 2 audio listeners in the scene. Please ensure there is always exactly one audio listener in the scene.
There are 2 audio listeners in the scene. Please ensure there is always exactly one audio listener in the scene.
There are 2 audio listeners in the scene. Please ensure there is always exactly one audio listener in the scene.
There are 2 audio listeners in the scene. Please ensure there is always exactly one audio listener in the scene.
There are 2 audio listeners in the scene. Please ensure there is always exactly one audio listener in the scene.
There are 2 audio listeners in the scene. Please ensure there is always exactly one audio listener in the scene.
There are 2 audio listeners in the scene. Please ensure there is always exactly one audio listener in the scene.
There are 2 audio listeners in the scene. Please ensure there is always exactly one audio listener in the scene.
There are 2 audio listeners in the scene. Please ensure there is always exactly one audio listener in the scene.
There are 2 audio listeners in the scene. Please ensure there is always exactly one audio listener in the scene.
There are 2 audio listeners in the scene. Please ensure there is always exactly one audio listener in the scene.
There are 2 audio listeners in the scene. Please ensure there is always exactly one audio listener in the scene.
There are 2 audio listeners in the scene. Please ensure there is always exactly one audio listener in the scene.
There are 2 audio listeners in the scene. Please ensure there is always exactly one audio listener in the scene.
There are 2 audio listeners in the scene. Please ensure there is always exactly one audio listener in the scene.
There are 2 audio listeners in the scene. Please ensure there is always exactly one audio listener in the scene.
There are 2 audio listeners in the scene. Please ensure there is always exactly one audio listener in the scene.
There are 2 audio listeners in the scene. Please ensure there is always exactly one audio listener in the scene.
There are 2 audio listeners in the scene. Please ensure there is always exactly one audio listener in the scene.
There are 2 audio listeners in the scene. Please ensure there is always exactly one audio listener in the scene.
There are 2 audio listeners in the scene. Please ensure there is always exactly one audio listener in the scene.
There are 2 audio listeners in the scene. Please ensure there is always exactly one audio listener in the scene.
There are 2 audio listeners in the scene. Please ensure there is always exactly one audio listener in the scene.
There are 2 audio listeners in the scene. Please ensure there is always exactly one audio listener in the scene.
There are 2 audio listeners in the scene. Please ensure there is always exactly one audio listener in the scene.
There are 2 audio listeners in the scene. Please ensure there is always exactly one audio listener in the scene.
There are 2 audio listeners in the scene. Please ensure there is always exactly one audio listener in the scene.
There are 2 audio listeners in the scene. Please ensure there is always exactly one audio listener in the scene.
There are 2 audio listeners in the scene. Please ensure there is always exactly one audio listener in the scene.
There are 2 audio listeners in the scene. Please ensure there is always exactly one audio listener in the scene.
There are 2 audio listeners in the scene. Please ensure there is always exactly one audio listener in the scene.
There are 2 audio listeners in the scene. Please ensure there is always exactly one audio listener in the scene.
There are 2 audio listeners in the scene. Please ensure there is always exactly one audio listener in the scene.
There are 2 audio listeners in the scene. Please ensure there is always exactly one audio listener in the scene.
There are 2 audio listeners in the scene. Please ensure there is always exactly one audio listener in the scene.
There are 2 audio listeners in the scene. Please ensure there is always exactly one audio listener in the scene.
There are 2 audio listeners in the scene. Please ensure there is always exactly one audio listener in the scene.
There are 2 audio listeners in the scene. Please ensure there is always exactly one audio listener in the scene.
There are 2 audio listeners in the scene. Please ensure there is always exactly one audio listener in the scene.
There are 2 audio listeners in the scene. Please ensure there is always exactly one audio listener in the scene.
There are 2 audio listeners in the scene. Please ensure there is always exactly one audio listener in the scene.
There are 2 audio listeners in the scene. Please ensure there is always exactly one audio listener in the scene.
There are 2 audio listeners in the scene. Please ensure there is always exactly one audio listener in the scene.
There are 2 audio listeners in the scene. Please ensure there is always exactly one audio listener in the scene.
There are 2 audio listeners in the scene. Please ensure there is always exactly one audio listener in the scene.
There are 2 audio listeners in the scene. Please ensure there is always exactly one audio listener in the scene.
There are 2 audio listeners in the scene. Please ensure there is always exactly one audio listener in the scene.
There are 2 audio listeners in the scene. Please ensure there is always exactly one audio listener in the scene.
There are 2 audio listeners in the scene. Please ensure there is always exactly one audio listener in the scene.
There are 2 audio listeners in the scene. Please ensure there is always exactly one audio listener in the scene.
There are 2 audio listeners in the scene. Please ensure there is always exactly one audio listener in the scene.
There are 2 audio listeners in the scene. Please ensure there is always exactly one audio listener in the scene.
There are 2 audio listeners in the scene. Please ensure there is always exactly one audio listener in the scene.
There are 2 audio listeners in the scene. Please ensure there is always exactly one audio listener in the scene.
There are 2 audio listeners in the scene. Please ensure there is always exactly one audio listener in the scene.
There are 2 audio listeners in the scene. Please ensure there is always exactly one audio listener in the scene.
There are 2 audio listeners in the scene. Please ensure there is always exactly one audio listener in the scene.
There are 2 audio listeners in the scene. Please ensure there is always exactly one audio listener in the scene.
There are 2 audio listeners in the scene. Please ensure there is always exactly one audio listener in the scene.
There are 2 audio listeners in the scene. Please ensure there is always exactly one audio listener in the scene.
There are 2 audio listeners in the scene. Please ensure there is always exactly one audio listener in the scene.
There are 2 audio listeners in the scene. Please ensure there is always exactly one audio listener in the scene.
There are 2 audio listeners in the scene. Please ensure there is always exactly one audio listener in the scene.
There are 2 audio listeners in the scene. Please ensure there is always exactly one audio listener in the scene.
There are 2 audio listeners in the scene. Please ensure there is always exactly one audio listener in the scene.
There are 2 audio listeners in the scene. Please ensure there is always exactly one audio listener in the scene.
There are 2 audio listeners in the scene. Please ensure there is always exactly one audio listener in the scene.
There are 2 audio listeners in the scene. Please ensure there is always exactly one audio listener in the scene.
There are 2 audio listeners in the scene. Please ensure there is always exactly one audio listener in the scene.
There are 2 audio listeners in the scene. Please ensure there is always exactly one audio listener in the scene.
There are 2 audio listeners in the scene. Please ensure there is always exactly one audio listener in the scene.
There are 2 audio listeners in the scene. Please ensure there is always exactly one audio listener in the scene.
There are 2 audio listeners in the scene. Please ensure there is always exactly one audio listener in the scene.
There are 2 audio listeners in the scene. Please ensure there is always exactly one audio listener in the scene.
There are 2 audio listeners in the scene. Please ensure there is always exactly one audio listener in the scene.
There are 2 audio listeners in the scene. Please ensure there is always exactly one audio listener in the scene.
There are 2 audio listeners in the scene. Please ensure there is always exactly one audio listener in the scene.
There are 2 audio listeners in the scene. Please ensure there is always exactly one audio listener in the scene.
There are 2 audio listeners in the scene. Please ensure there is always exactly one audio listener in the scene.
There are 2 audio listeners in the scene. Please ensure there is always exactly one audio listener in the scene.
There are 2 audio listeners in the scene. Please ensure there is always exactly one audio listener in the scene.
There are 2 audio listeners in the scene. Please ensure there is always exactly one audio listener in the scene.
There are 2 audio listeners in the scene. Please ensure there is always exactly one audio listener in the scene.
There are 2 audio listeners in the scene. Please ensure there is always exactly one audio listener in the scene.
There are 2 audio listeners in the scene. Please ensure there is always exactly one audio listener in the scene.
There are 2 audio listeners in the scene. Please ensure there is always exactly one audio listener in the scene.
There are 2 audio listeners in the scene. Please ensure there is always exactly one audio listener in the scene.
There are 2 audio listeners in the scene. Please ensure there is always exactly one audio listener in the scene.
There are 2 audio listeners in the scene. Please ensure there is always exactly one audio listener in the scene.
There are 2 audio listeners in the scene. Please ensure there is always exactly one audio listener in the scene.
There are 2 audio listeners in the scene. Please ensure there is always exactly one audio listener in the scene.
There are 2 audio listeners in the scene. Please ensure there is always exactly one audio listener in the scene.
There are 2 audio listeners in the scene. Please ensure there is always exactly one audio listener in the scene.
There are 2 audio listeners in the scene. Please ensure there is always exactly one audio listener in the scene.
There are 2 audio listeners in the scene. Please ensure there is always exactly one audio listener in the scene.
There are 2 audio listeners in the scene. Please ensure there is always exactly one audio listener in the scene.
There are 2 audio listeners in the scene. Please ensure there is always exactly one audio listener in the scene.
There are 2 audio listeners in the scene. Please ensure there is always exactly one audio listener in the scene.
There are 2 audio listeners in the scene. Please ensure there is always exactly one audio listener in the scene.
There are 2 audio listeners in the scene. Please ensure there is always exactly one audio listener in the scene.
There are 2 audio listeners in the scene. Please ensure there is always exactly one audio listener in the scene.
There are 2 audio listeners in the scene. Please ensure there is always exactly one audio listener in the scene.
There are 2 audio listeners in the scene. Please ensure there is always exactly one audio listener in the scene.
There are 2 audio listeners in the scene. Please ensure there is always exactly one audio listener in the scene.
There are 2 audio listeners in the scene. Please ensure there is always exactly one audio listener in the scene.
There are 2 audio listeners in the scene. Please ensure there is always exactly one audio listener in the scene.
There are 2 audio listeners in the scene. Please ensure there is always exactly one audio listener in the scene.
There are 2 audio listeners in the scene. Please ensure there is always exactly one audio listener in the scene.
There are 2 audio listeners in the scene. Please ensure there is always exactly one audio listener in the scene.
There are 2 audio listeners in the scene. Please ensure there is always exactly one audio listener in the scene.
There are 2 audio listeners in the scene. Please ensure there is always exactly one audio listener in the scene.
There are 2 audio listeners in the scene. Please ensure there is always exactly one audio listener in the scene.
There are 2 audio listeners in the scene. Please ensure there is always exactly one audio listener in the scene.
There are 2 audio listeners in the scene. Please ensure there is always exactly one audio listener in the scene.
There are 2 audio listeners in the scene. Please ensure there is always exactly one audio listener in the scene.
There are 2 audio listeners in the scene. Please ensure there is always exactly one audio listener in the scene.
There are 2 audio listeners in the scene. Please ensure there is always exactly one audio listener in the scene.
There are 2 audio listeners in the scene. Please ensure there is always exactly one audio listener in the scene.
There are 2 audio listeners in the scene. Please ensure there is always exactly one audio listener in the scene.
There are 2 audio listeners in the scene. Please ensure there is always exactly one audio listener in the scene.
There are 2 audio listeners in the scene. Please ensure there is always exactly one audio listener in the scene.
There are 2 audio listeners in the scene. Please ensure there is always exactly one audio listener in the scene.
There are 2 audio listeners in the scene. Please ensure there is always exactly one audio listener in the scene.
There are 2 audio listeners in the scene. Please ensure there is always exactly one audio listener in the scene.
There are 2 audio listeners in the scene. Please ensure there is always exactly one audio listener in the scene.
There are 2 audio listeners in the scene. Please ensure there is always exactly one audio listener in the scene.
There are 2 audio listeners in the scene. Please ensure there is always exactly one audio listener in the scene.
There are 2 audio listeners in the scene. Please ensure there is always exactly one audio listener in the scene.
There are 2 audio listeners in the scene. Please ensure there is always exactly one audio listener in the scene.
There are 2 audio listeners in the scene. Please ensure there is always exactly one audio listener in the scene.
There are 2 audio listeners in the scene. Please ensure there is always exactly one audio listener in the scene.
There are 2 audio listeners in the scene. Please ensure there is always exactly one audio listener in the scene.
There are 2 audio listeners in the scene. Please ensure there is always exactly one audio listener in the scene.
There are 2 audio listeners in the scene. Please ensure there is always exactly one audio listener in the scene.
There are 2 audio listeners in the scene. Please ensure there is always exactly one audio listener in the scene.
There are 2 audio listeners in the scene. Please ensure there is always exactly one audio listener in the scene.
There are 2 audio listeners in the scene. Please ensure there is always exactly one audio listener in the scene.
There are 2 audio listeners in the scene. Please ensure there is always exactly one audio listener in the scene.
There are 2 audio listeners in the scene. Please ensure there is always exactly one audio listener in the scene.
There are 2 audio listeners in the scene. Please ensure there is always exactly one audio listener in the scene.
There are 2 audio listeners in the scene. Please ensure there is always exactly one audio listener in the scene.
There are 2 audio listeners in the scene. Please ensure there is always exactly one audio listener in the scene.
There are 2 audio listeners in the scene. Please ensure there is always exactly one audio listener in the scene.
There are 2 audio listeners in the scene. Please ensure there is always exactly one audio listener in the scene.
There are 2 audio listeners in the scene. Please ensure there is always exactly one audio listener in the scene.
There are 2 audio listeners in the scene. Please ensure there is always exactly one audio listener in the scene.
There are 2 audio listeners in the scene. Please ensure there is always exactly one audio listener in the scene.
There are 2 audio listeners in the scene. Please ensure there is always exactly one audio listener in the scene.
There are 2 audio listeners in the scene. Please ensure there is always exactly one audio listener in the scene.
There are 2 audio listeners in the scene. Please ensure there is always exactly one audio listener in the scene.
There are 2 audio listeners in the scene. Please ensure there is always exactly one audio listener in the scene.
There are 2 audio listeners in the scene. Please ensure there is always exactly one audio listener in the scene.
There are 2 audio listeners in the scene. Please ensure there is always exactly one audio listener in the scene.
There are 2 audio listeners in the scene. Please ensure there is always exactly one audio listener in the scene.
There are 2 audio listeners in the scene. Please ensure there is always exactly one audio listener in the scene.
There are 2 audio listeners in the scene. Please ensure there is always exactly one audio listener in the scene.
There are 2 audio listeners in the scene. Please ensure there is always exactly one audio listener in the scene.
There are 2 audio listeners in the scene. Please ensure there is always exactly one audio listener in the scene.
There are 2 audio listeners in the scene. Please ensure there is always exactly one audio listener in the scene.
There are 2 audio listeners in the scene. Please ensure there is always exactly one audio listener in the scene.
There are 2 audio listeners in the scene. Please ensure there is always exactly one audio listener in the scene.
There are 2 audio listeners in the scene. Please ensure there is always exactly one audio listener in the scene.
There are 2 audio listeners in the scene. Please ensure there is always exactly one audio listener in the scene.
There are 2 audio listeners in the scene. Please ensure there is always exactly one audio listener in the scene.
There are 2 audio listeners in the scene. Please ensure there is always exactly one audio listener in the scene.
There are 2 audio listeners in the scene. Please ensure there is always exactly one audio listener in the scene.
There are 2 audio listeners in the scene. Please ensure there is always exactly one audio listener in the scene.
There are 2 audio listeners in the scene. Please ensure there is always exactly one audio listener in the scene.
There are 2 audio listeners in the scene. Please ensure there is always exactly one audio listener in the scene.
There are 2 audio listeners in the scene. Please ensure there is always exactly one audio listener in the scene.
There are 2 audio listeners in the scene. Please ensure there is always exactly one audio listener in the scene.
There are 2 audio listeners in the scene. Please ensure there is always exactly one audio listener in the scene.
There are 2 audio listeners in the scene. Please ensure there is always exactly one audio listener in the scene.
There are 2 audio listeners in the scene. Please ensure there is always exactly one audio listener in the scene.
There are 2 audio listeners in the scene. Please ensure there is always exactly one audio listener in the scene.
There are 2 audio listeners in the scene. Please ensure there is always exactly one audio listener in the scene.
There are 2 audio listeners in the scene. Please ensure there is always exactly one audio listener in the scene.
There are 2 audio listeners in the scene. Please ensure there is always exactly one audio listener in the scene.
There are 2 audio listeners in the scene. Please ensure there is always exactly one audio listener in the scene.
There are 2 audio listeners in the scene. Please ensure there is always exactly one audio listener in the scene.
There are 2 audio listeners in the scene. Please ensure there is always exactly one audio listener in the scene.
There are 2 audio listeners in the scene. Please ensure there is always exactly one audio listener in the scene.
There are 2 audio listeners in the scene. Please ensure there is always exactly one audio listener in the scene.
There are 2 audio listeners in the scene. Please ensure there is always exactly one audio listener in the scene.
There are 2 audio listeners in the scene. Please ensure there is always exactly one audio listener in the scene.
There are 2 audio listeners in the scene. Please ensure there is always exactly one audio listener in the scene.
There are 2 audio listeners in the scene. Please ensure there is always exactly one audio listener in the scene.
There are 2 audio listeners in the scene. Please ensure there is always exactly one audio listener in the scene.
There are 2 audio listeners in the scene. Please ensure there is always exactly one audio listener in the scene.
There are 2 audio listeners in the scene. Please ensure there is always exactly one audio listener in the scene.
There are 2 audio listeners in the scene. Please ensure there is always exactly one audio listener in the scene.
There are 2 audio listeners in the scene. Please ensure there is always exactly one audio listener in the scene.
There are 2 audio listeners in the scene. Please ensure there is always exactly one audio listener in the scene.
There are 2 audio listeners in the scene. Please ensure there is always exactly one audio listener in the scene.
There are 2 audio listeners in the scene. Please ensure there is always exactly one audio listener in the scene.
There are 2 audio listeners in the scene. Please ensure there is always exactly one audio listener in the scene.
There are 2 audio listeners in the scene. Please ensure there is always exactly one audio listener in the scene.
There are 2 audio listeners in the scene. Please ensure there is always exactly one audio listener in the scene.
There are 2 audio listeners in the scene. Please ensure there is always exactly one audio listener in the scene.
There are 2 audio listeners in the scene. Please ensure there is always exactly one audio listener in the scene.
There are 2 audio listeners in the scene. Please ensure there is always exactly one audio listener in the scene.
There are 2 audio listeners in the scene. Please ensure there is always exactly one audio listener in the scene.
There are 2 audio listeners in the scene. Please ensure there is always exactly one audio listener in the scene.
There are 2 audio listeners in the scene. Please ensure there is always exactly one audio listener in the scene.
There are 2 audio listeners in the scene. Please ensure there is always exactly one audio listener in the scene.
There are 2 audio listeners in the scene. Please ensure there is always exactly one audio listener in the scene.
There are 2 audio listeners in the scene. Please ensure there is always exactly one audio listener in the scene.
There are 2 audio listeners in the scene. Please ensure there is always exactly one audio listener in the scene.
There are 2 audio listeners in the scene. Please ensure there is always exactly one audio listener in the scene.
There are 2 audio listeners in the scene. Please ensure there is always exactly one audio listener in the scene.
There are 2 audio listeners in the scene. Please ensure there is always exactly one audio listener in the scene.
There are 2 audio listeners in the scene. Please ensure there is always exactly one audio listener in the scene.
There are 2 audio listeners in the scene. Please ensure there is always exactly one audio listener in the scene.
There are 2 audio listeners in the scene. Please ensure there is always exactly one audio listener in the scene.
There are 2 audio listeners in the scene. Please ensure there is always exactly one audio listener in the scene.
There are 2 audio listeners in the scene. Please ensure there is always exactly one audio listener in the scene.
There are 2 audio listeners in the scene. Please ensure there is always exactly one audio listener in the scene.
There are 2 audio listeners in the scene. Please ensure there is always exactly one audio listener in the scene.
There are 2 audio listeners in the scene. Please ensure there is always exactly one audio listener in the scene.
There are 2 audio listeners in the scene. Please ensure there is always exactly one audio listener in the scene.
There are 2 audio listeners in the scene. Please ensure there is always exactly one audio listener in the scene.
There are 2 audio listeners in the scene. Please ensure there is always exactly one audio listener in the scene.
There are 2 audio listeners in the scene. Please ensure there is always exactly one audio listener in the scene.
There are 2 audio listeners in the scene. Please ensure there is always exactly one audio listener in the scene.
There are 2 audio listeners in the scene. Please ensure there is always exactly one audio listener in the scene.
There are 2 audio listeners in the scene. Please ensure there is always exactly one audio listener in the scene.
There are 2 audio listeners in the scene. Please ensure there is always exactly one audio listener in the scene.
There are 2 audio listeners in the scene. Please ensure there is always exactly one audio listener in the scene.
There are 2 audio listeners in the scene. Please ensure there is always exactly one audio listener in the scene.
There are 2 audio listeners in the scene. Please ensure there is always exactly one audio listener in the scene.
There are 2 audio listeners in the scene. Please ensure there is always exactly one audio listener in the scene.
There are 2 audio listeners in the scene. Please ensure there is always exactly one audio listener in the scene.
There are 2 audio listeners in the scene. Please ensure there is always exactly one audio listener in the scene.
There are 2 audio listeners in the scene. Please ensure there is always exactly one audio listener in the scene.
There are 2 audio listeners in the scene. Please ensure there is always exactly one audio listener in the scene.
There are 2 audio listeners in the scene. Please ensure there is always exactly one audio listener in the scene.
There are 2 audio listeners in the scene. Please ensure there is always exactly one audio listener in the scene.
There are 2 audio listeners in the scene. Please ensure there is always exactly one audio listener in the scene.
There are 2 audio listeners in the scene. Please ensure there is always exactly one audio listener in the scene.
There are 2 audio listeners in the scene. Please ensure there is always exactly one audio listener in the scene.
There are 2 audio listeners in the scene. Please ensure there is always exactly one audio listener in the scene.
There are 2 audio listeners in the scene. Please ensure there is always exactly one audio listener in the scene.
There are 2 audio listeners in the scene. Please ensure there is always exactly one audio listener in the scene.
There are 2 audio listeners in the scene. Please ensure there is always exactly one audio listener in the scene.
There are 2 audio listeners in the scene. Please ensure there is always exactly one audio listener in the scene.
There are 2 audio listeners in the scene. Please ensure there is always exactly one audio listener in the scene.
There are 2 audio listeners in the scene. Please ensure there is always exactly one audio listener in the scene.
There are 2 audio listeners in the scene. Please ensure there is always exactly one audio listener in the scene.
There are 2 audio listeners in the scene. Please ensure there is always exactly one audio listener in the scene.
There are 2 audio listeners in the scene. Please ensure there is always exactly one audio listener in the scene.
There are 2 audio listeners in the scene. Please ensure there is always exactly one audio listener in the scene.
There are 2 audio listeners in the scene. Please ensure there is always exactly one audio listener in the scene.
There are 2 audio listeners in the scene. Please ensure there is always exactly one audio listener in the scene.
There are 2 audio listeners in the scene. Please ensure there is always exactly one audio listener in the scene.
There are 2 audio listeners in the scene. Please ensure there is always exactly one audio listener in the scene.
There are 2 audio listeners in the scene. Please ensure there is always exactly one audio listener in the scene.
There are 2 audio listeners in the scene. Please ensure there is always exactly one audio listener in the scene.
There are 2 audio listeners in the scene. Please ensure there is always exactly one audio listener in the scene.
There are 2 audio listeners in the scene. Please ensure there is always exactly one audio listener in the scene.
There are 2 audio listeners in the scene. Please ensure there is always exactly one audio listener in the scene.
There are 2 audio listeners in the scene. Please ensure there is always exactly one audio listener in the scene.
There are 2 audio listeners in the scene. Please ensure there is always exactly one audio listener in the scene.
There are 2 audio listeners in the scene. Please ensure there is always exactly one audio listener in the scene.
There are 2 audio listeners in the scene. Please ensure there is always exactly one audio listener in the scene.
There are 2 audio listeners in the scene. Please ensure there is always exactly one audio listener in the scene.
There are 2 audio listeners in the scene. Please ensure there is always exactly one audio listener in the scene.
There are 2 audio listeners in the scene. Please ensure there is always exactly one audio listener in the scene.
There are 2 audio listeners in the scene. Please ensure there is always exactly one audio listener in the scene.
There are 2 audio listeners in the scene. Please ensure there is always exactly one audio listener in the scene.
There are 2 audio listeners in the scene. Please ensure there is always exactly one audio listener in the scene.
There are 2 audio listeners in the scene. Please ensure there is always exactly one audio listener in the scene.
There are 2 audio listeners in the scene. Please ensure there is always exactly one audio listener in the scene.
There are 2 audio listeners in the scene. Please ensure there is always exactly one audio listener in the scene.
There are 2 audio listeners in the scene. Please ensure there is always exactly one audio listener in the scene.
There are 2 audio listeners in the scene. Please ensure there is always exactly one audio listener in the scene.
There are 2 audio listeners in the scene. Please ensure there is always exactly one audio listener in the scene.
There are 2 audio listeners in the scene. Please ensure there is always exactly one audio listener in the scene.
There are 2 audio listeners in the scene. Please ensure there is always exactly one audio listener in the scene.
There are 2 audio listeners in the scene. Please ensure there is always exactly one audio listener in the scene.
There are 2 audio listeners in the scene. Please ensure there is always exactly one audio listener in the scene.
There are 2 audio listeners in the scene. Please ensure there is always exactly one audio listener in the scene.
There are 2 audio listeners in the scene. Please ensure there is always exactly one audio listener in the scene.
There are 2 audio listeners in the scene. Please ensure there is always exactly one audio listener in the scene.
There are 2 audio listeners in the scene. Please ensure there is always exactly one audio listener in the scene.
There are 2 audio listeners in the scene. Please ensure there is always exactly one audio listener in the scene.
There are 2 audio listeners in the scene. Please ensure there is always exactly one audio listener in the scene.
There are 2 audio listeners in the scene. Please ensure there is always exactly one audio listener in the scene.
There are 2 audio listeners in the scene. Please ensure there is always exactly one audio listener in the scene.
There are 2 audio listeners in the scene. Please ensure there is always exactly one audio listener in the scene.
There are 2 audio listeners in the scene. Please ensure there is always exactly one audio listener in the scene.
There are 2 audio listeners in the scene. Please ensure there is always exactly one audio listener in the scene.
There are 2 audio listeners in the scene. Please ensure there is always exactly one audio listener in the scene.
There are 2 audio listeners in the scene. Please ensure there is always exactly one audio listener in the scene.
There are 2 audio listeners in the scene. Please ensure there is always exactly one audio listener in the scene.
There are 2 audio listeners in the scene. Please ensure there is always exactly one audio listener in the scene.
There are 2 audio listeners in the scene. Please ensure there is always exactly one audio listener in the scene.
There are 2 audio listeners in the scene. Please ensure there is always exactly one audio listener in the scene.
There are 2 audio listeners in the scene. Please ensure there is always exactly one audio listener in the scene.
There are 2 audio listeners in the scene. Please ensure there is always exactly one audio listener in the scene.
There are 2 audio listeners in the scene. Please ensure there is always exactly one audio listener in the scene.
There are 2 audio listeners in the scene. Please ensure there is always exactly one audio listener in the scene.
There are 2 audio listeners in the scene. Please ensure there is always exactly one audio listener in the scene.
There are 2 audio listeners in the scene. Please ensure there is always exactly one audio listener in the scene.
There are 2 audio listeners in the scene. Please ensure there is always exactly one audio listener in the scene.
There are 2 audio listeners in the scene. Please ensure there is always exactly one audio listener in the scene.
There are 2 audio listeners in the scene. Please ensure there is always exactly one audio listener in the scene.
There are 2 audio listeners in the scene. Please ensure there is always exactly one audio listener in the scene.
There are 2 audio listeners in the scene. Please ensure there is always exactly one audio listener in the scene.
There are 2 audio listeners in the scene. Please ensure there is always exactly one audio listener in the scene.
There are 2 audio listeners in the scene. Please ensure there is always exactly one audio listener in the scene.
There are 2 audio listeners in the scene. Please ensure there is always exactly one audio listener in the scene.
There are 2 audio listeners in the scene. Please ensure there is always exactly one audio listener in the scene.
There are 2 audio listeners in the scene. Please ensure there is always exactly one audio listener in the scene.
There are 2 audio listeners in the scene. Please ensure there is always exactly one audio listener in the scene.
There are 2 audio listeners in the scene. Please ensure there is always exactly one audio listener in the scene.
There are 2 audio listeners in the scene. Please ensure there is always exactly one audio listener in the scene.
There are 2 audio listeners in the scene. Please ensure there is always exactly one audio listener in the scene.
There are 2 audio listeners in the scene. Please ensure there is always exactly one audio listener in the scene.
There are 2 audio listeners in the scene. Please ensure there is always exactly one audio listener in the scene.
There are 2 audio listeners in the scene. Please ensure there is always exactly one audio listener in the scene.
There are 2 audio listeners in the scene. Please ensure there is always exactly one audio listener in the scene.
There are 2 audio listeners in the scene. Please ensure there is always exactly one audio listener in the scene.
There are 2 audio listeners in the scene. Please ensure there is always exactly one audio listener in the scene.
There are 2 audio listeners in the scene. Please ensure there is always exactly one audio listener in the scene.
There are 2 audio listeners in the scene. Please ensure there is always exactly one audio listener in the scene.
There are 2 audio listeners in the scene. Please ensure there is always exactly one audio listener in the scene.
There are 2 audio listeners in the scene. Please ensure there is always exactly one audio listener in the scene.
There are 2 audio listeners in the scene. Please ensure there is always exactly one audio listener in the scene.
There are 2 audio listeners in the scene. Please ensure there is always exactly one audio listener in the scene.
There are 2 audio listeners in the scene. Please ensure there is always exactly one audio listener in the scene.
There are 2 audio listeners in the scene. Please ensure there is always exactly one audio listener in the scene.
There are 2 audio listeners in the scene. Please ensure there is always exactly one audio listener in the scene.
There are 2 audio listeners in the scene. Please ensure there is always exactly one audio listener in the scene.
There are 2 audio listeners in the scene. Please ensure there is always exactly one audio listener in the scene.
There are 2 audio listeners in the scene. Please ensure there is always exactly one audio listener in the scene.
There are 2 audio listeners in the scene. Please ensure there is always exactly one audio listener in the scene.
There are 2 audio listeners in the scene. Please ensure there is always exactly one audio listener in the scene.
There are 2 audio listeners in the scene. Please ensure there is always exactly one audio listener in the scene.
There are 2 audio listeners in the scene. Please ensure there is always exactly one audio listener in the scene.
There are 2 audio listeners in the scene. Please ensure there is always exactly one audio listener in the scene.
There are 2 audio listeners in the scene. Please ensure there is always exactly one audio listener in the scene.
There are 2 audio listeners in the scene. Please ensure there is always exactly one audio listener in the scene.
There are 2 audio listeners in the scene. Please ensure there is always exactly one audio listener in the scene.
There are 2 audio listeners in the scene. Please ensure there is always exactly one audio listener in the scene.
There are 2 audio listeners in the scene. Please ensure there is always exactly one audio listener in the scene.
There are 2 audio listeners in the scene. Please ensure there is always exactly one audio listener in the scene.
There are 2 audio listeners in the scene. Please ensure there is always exactly one audio listener in the scene.
There are 2 audio listeners in the scene. Please ensure there is always exactly one audio listener in the scene.
There are 2 audio listeners in the scene. Please ensure there is always exactly one audio listener in the scene.
There are 2 audio listeners in the scene. Please ensure there is always exactly one audio listener in the scene.
There are 2 audio listeners in the scene. Please ensure there is always exactly one audio listener in the scene.
There are 2 audio listeners in the scene. Please ensure there is always exactly one audio listener in the scene.
There are 2 audio listeners in the scene. Please ensure there is always exactly one audio listener in the scene.
There are 2 audio listeners in the scene. Please ensure there is always exactly one audio listener in the scene.
There are 2 audio listeners in the scene. Please ensure there is always exactly one audio listener in the scene.
There are 2 audio listeners in the scene. Please ensure there is always exactly one audio listener in the scene.
There are 2 audio listeners in the scene. Please ensure there is always exactly one audio listener in the scene.
There are 2 audio listeners in the scene. Please ensure there is always exactly one audio listener in the scene.
There are 2 audio listeners in the scene. Please ensure there is always exactly one audio listener in the scene.
There are 2 audio listeners in the scene. Please ensure there is always exactly one audio listener in the scene.
There are 2 audio listeners in the scene. Please ensure there is always exactly one audio listener in the scene.
There are 2 audio listeners in the scene. Please ensure there is always exactly one audio listener in the scene.
There are 2 audio listeners in the scene. Please ensure there is always exactly one audio listener in the scene.
There are 2 audio listeners in the scene. Please ensure there is always exactly one audio listener in the scene.
There are 2 audio listeners in the scene. Please ensure there is always exactly one audio listener in the scene.
There are 2 audio listeners in the scene. Please ensure there is always exactly one audio listener in the scene.
There are 2 audio listeners in the scene. Please ensure there is always exactly one audio listener in the scene.
There are 2 audio listeners in the scene. Please ensure there is always exactly one audio listener in the scene.
There are 2 audio listeners in the scene. Please ensure there is always exactly one audio listener in the scene.
There are 2 audio listeners in the scene. Please ensure there is always exactly one audio listener in the scene.
There are 2 audio listeners in the scene. Please ensure there is always exactly one audio listener in the scene.
There are 2 audio listeners in the scene. Please ensure there is always exactly one audio listener in the scene.
There are 2 audio listeners in the scene. Please ensure there is always exactly one audio listener in the scene.
There are 2 audio listeners in the scene. Please ensure there is always exactly one audio listener in the scene.
There are 2 audio listeners in the scene. Please ensure there is always exactly one audio listener in the scene.
There are 2 audio listeners in the scene. Please ensure there is always exactly one audio listener in the scene.
There are 2 audio listeners in the scene. Please ensure there is always exactly one audio listener in the scene.
There are 2 audio listeners in the scene. Please ensure there is always exactly one audio listener in the scene.
There are 2 audio listeners in the scene. Please ensure there is always exactly one audio listener in the scene.
There are 2 audio listeners in the scene. Please ensure there is always exactly one audio listener in the scene.
There are 2 audio listeners in the scene. Please ensure there is always exactly one audio listener in the scene.
There are 2 audio listeners in the scene. Please ensure there is always exactly one audio listener in the scene.
There are 2 audio listeners in the scene. Please ensure there is always exactly one audio listener in the scene.
There are 2 audio listeners in the scene. Please ensure there is always exactly one audio listener in the scene.
There are 2 audio listeners in the scene. Please ensure there is always exactly one audio listener in the scene.
There are 2 audio listeners in the scene. Please ensure there is always exactly one audio listener in the scene.
There are 2 audio listeners in the scene. Please ensure there is always exactly one audio listener in the scene.
There are 2 audio listeners in the scene. Please ensure there is always exactly one audio listener in the scene.
There are 2 audio listeners in the scene. Please ensure there is always exactly one audio listener in the scene.
There are 2 audio listeners in the scene. Please ensure there is always exactly one audio listener in the scene.
There are 2 audio listeners in the scene. Please ensure there is always exactly one audio listener in the scene.
There are 2 audio listeners in the scene. Please ensure there is always exactly one audio listener in the scene.
There are 2 audio listeners in the scene. Please ensure there is always exactly one audio listener in the scene.
There are 2 audio listeners in the scene. Please ensure there is always exactly one audio listener in the scene.
There are 2 audio listeners in the scene. Please ensure there is always exactly one audio listener in the scene.
There are 2 audio listeners in the scene. Please ensure there is always exactly one audio listener in the scene.
There are 2 audio listeners in the scene. Please ensure there is always exactly one audio listener in the scene.
There are 2 audio listeners in the scene. Please ensure there is always exactly one audio listener in the scene.
There are 2 audio listeners in the scene. Please ensure there is always exactly one audio listener in the scene.
There are 2 audio listeners in the scene. Please ensure there is always exactly one audio listener in the scene.
There are 2 audio listeners in the scene. Please ensure there is always exactly one audio listener in the scene.
There are 2 audio listeners in the scene. Please ensure there is always exactly one audio listener in the scene.
There are 2 audio listeners in the scene. Please ensure there is always exactly one audio listener in the scene.
There are 2 audio listeners in the scene. Please ensure there is always exactly one audio listener in the scene.
There are 2 audio listeners in the scene. Please ensure there is always exactly one audio listener in the scene.
There are 2 audio listeners in the scene. Please ensure there is always exactly one audio listener in the scene.
There are 2 audio listeners in the scene. Please ensure there is always exactly one audio listener in the scene.
There are 2 audio listeners in the scene. Please ensure there is always exactly one audio listener in the scene.
There are 2 audio listeners in the scene. Please ensure there is always exactly one audio listener in the scene.
There are 2 audio listeners in the scene. Please ensure there is always exactly one audio listener in the scene.
There are 2 audio listeners in the scene. Please ensure there is always exactly one audio listener in the scene.
There are 2 audio listeners in the scene. Please ensure there is always exactly one audio listener in the scene.
There are 2 audio listeners in the scene. Please ensure there is always exactly one audio listener in the scene.
There are 2 audio listeners in the scene. Please ensure there is always exactly one audio listener in the scene.
There are 2 audio listeners in the scene. Please ensure there is always exactly one audio listener in the scene.
There are 2 audio listeners in the scene. Please ensure there is always exactly one audio listener in the scene.
There are 2 audio listeners in the scene. Please ensure there is always exactly one audio listener in the scene.
There are 2 audio listeners in the scene. Please ensure there is always exactly one audio listener in the scene.
There are 2 audio listeners in the scene. Please ensure there is always exactly one audio listener in the scene.
There are 2 audio listeners in the scene. Please ensure there is always exactly one audio listener in the scene.
There are 2 audio listeners in the scene. Please ensure there is always exactly one audio listener in the scene.
There are 2 audio listeners in the scene. Please ensure there is always exactly one audio listener in the scene.
There are 2 audio listeners in the scene. Please ensure there is always exactly one audio listener in the scene.
There are 2 audio listeners in the scene. Please ensure there is always exactly one audio listener in the scene.
There are 2 audio listeners in the scene. Please ensure there is always exactly one audio listener in the scene.
There are 2 audio listeners in the scene. Please ensure there is always exactly one audio listener in the scene.
There are 2 audio listeners in the scene. Please ensure there is always exactly one audio listener in the scene.
There are 2 audio listeners in the scene. Please ensure there is always exactly one audio listener in the scene.
There are 2 audio listeners in the scene. Please ensure there is always exactly one audio listener in the scene.
There are 2 audio listeners in the scene. Please ensure there is always exactly one audio listener in the scene.
There are 2 audio listeners in the scene. Please ensure there is always exactly one audio listener in the scene.
There are 2 audio listeners in the scene. Please ensure there is always exactly one audio listener in the scene.
There are 2 audio listeners in the scene. Please ensure there is always exactly one audio listener in the scene.
There are 2 audio listeners in the scene. Please ensure there is always exactly one audio listener in the scene.
There are 2 audio listeners in the scene. Please ensure there is always exactly one audio listener in the scene.
There are 2 audio listeners in the scene. Please ensure there is always exactly one audio listener in the scene.
There are 2 audio listeners in the scene. Please ensure there is always exactly one audio listener in the scene.
There are 2 audio listeners in the scene. Please ensure there is always exactly one audio listener in the scene.
There are 2 audio listeners in the scene. Please ensure there is always exactly one audio listener in the scene.
There are 2 audio listeners in the scene. Please ensure there is always exactly one audio listener in the scene.
There are 2 audio listeners in the scene. Please ensure there is always exactly one audio listener in the scene.
There are 2 audio listeners in the scene. Please ensure there is always exactly one audio listener in the scene.
There are 2 audio listeners in the scene. Please ensure there is always exactly one audio listener in the scene.
There are 2 audio listeners in the scene. Please ensure there is always exactly one audio listener in the scene.
There are 2 audio listeners in the scene. Please ensure there is always exactly one audio listener in the scene.
There are 2 audio listeners in the scene. Please ensure there is always exactly one audio listener in the scene.
There are 2 audio listeners in the scene. Please ensure there is always exactly one audio listener in the scene.
There are 2 audio listeners in the scene. Please ensure there is always exactly one audio listener in the scene.
There are 2 audio listeners in the scene. Please ensure there is always exactly one audio listener in the scene.
There are 2 audio listeners in the scene. Please ensure there is always exactly one audio listener in the scene.
There are 2 audio listeners in the scene. Please ensure there is always exactly one audio listener in the scene.
There are 2 audio listeners in the scene. Please ensure there is always exactly one audio listener in the scene.
There are 2 audio listeners in the scene. Please ensure there is always exactly one audio listener in the scene.
There are 2 audio listeners in the scene. Please ensure there is always exactly one audio listener in the scene.
There are 2 audio listeners in the scene. Please ensure there is always exactly one audio listener in the scene.
There are 2 audio listeners in the scene. Please ensure there is always exactly one audio listener in the scene.
There are 2 audio listeners in the scene. Please ensure there is always exactly one audio listener in the scene.
There are 2 audio listeners in the scene. Please ensure there is always exactly one audio listener in the scene.
There are 2 audio listeners in the scene. Please ensure there is always exactly one audio listener in the scene.
There are 2 audio listeners in the scene. Please ensure there is always exactly one audio listener in the scene.
There are 2 audio listeners in the scene. Please ensure there is always exactly one audio listener in the scene.
There are 2 audio listeners in the scene. Please ensure there is always exactly one audio listener in the scene.
There are 2 audio listeners in the scene. Please ensure there is always exactly one audio listener in the scene.
There are 2 audio listeners in the scene. Please ensure there is always exactly one audio listener in the scene.
There are 2 audio listeners in the scene. Please ensure there is always exactly one audio listener in the scene.
There are 2 audio listeners in the scene. Please ensure there is always exactly one audio listener in the scene.
There are 2 audio listeners in the scene. Please ensure there is always exactly one audio listener in the scene.
There are 2 audio listeners in the scene. Please ensure there is always exactly one audio listener in the scene.
There are 2 audio listeners in the scene. Please ensure there is always exactly one audio listener in the scene.
There are 2 audio listeners in the scene. Please ensure there is always exactly one audio listener in the scene.
There are 2 audio listeners in the scene. Please ensure there is always exactly one audio listener in the scene.
There are 2 audio listeners in the scene. Please ensure there is always exactly one audio listener in the scene.
There are 2 audio listeners in the scene. Please ensure there is always exactly one audio listener in the scene.
There are 2 audio listeners in the scene. Please ensure there is always exactly one audio listener in the scene.
There are 2 audio listeners in the scene. Please ensure there is always exactly one audio listener in the scene.
There are 2 audio listeners in the scene. Please ensure there is always exactly one audio listener in the scene.
There are 2 audio listeners in the scene. Please ensure there is always exactly one audio listener in the scene.
There are 2 audio listeners in the scene. Please ensure there is always exactly one audio listener in the scene.
There are 2 audio listeners in the scene. Please ensure there is always exactly one audio listener in the scene.
There are 2 audio listeners in the scene. Please ensure there is always exactly one audio listener in the scene.
There are 2 audio listeners in the scene. Please ensure there is always exactly one audio listener in the scene.
There are 2 audio listeners in the scene. Please ensure there is always exactly one audio listener in the scene.
There are 2 audio listeners in the scene. Please ensure there is always exactly one audio listener in the scene.
There are 2 audio listeners in the scene. Please ensure there is always exactly one audio listener in the scene.
There are 2 audio listeners in the scene. Please ensure there is always exactly one audio listener in the scene.
There are 2 audio listeners in the scene. Please ensure there is always exactly one audio listener in the scene.
There are 2 audio listeners in the scene. Please ensure there is always exactly one audio listener in the scene.
There are 2 audio listeners in the scene. Please ensure there is always exactly one audio listener in the scene.
There are 2 audio listeners in the scene. Please ensure there is always exactly one audio listener in the scene.
There are 2 audio listeners in the scene. Please ensure there is always exactly one audio listener in the scene.
There are 2 audio listeners in the scene. Please ensure there is always exactly one audio listener in the scene.
There are 2 audio listeners in the scene. Please ensure there is always exactly one audio listener in the scene.
There are 2 audio listeners in the scene. Please ensure there is always exactly one audio listener in the scene.
There are 2 audio listeners in the scene. Please ensure there is always exactly one audio listener in the scene.
There are 2 audio listeners in the scene. Please ensure there is always exactly one audio listener in the scene.
There are 2 audio listeners in the scene. Please ensure there is always exactly one audio listener in the scene.
There are 2 audio listeners in the scene. Please ensure there is always exactly one audio listener in the scene.
There are 2 audio listeners in the scene. Please ensure there is always exactly one audio listener in the scene.
There are 2 audio listeners in the scene. Please ensure there is always exactly one audio listener in the scene.
There are 2 audio listeners in the scene. Please ensure there is always exactly one audio listener in the scene.
There are 2 audio listeners in the scene. Please ensure there is always exactly one audio listener in the scene.
There are 2 audio listeners in the scene. Please ensure there is always exactly one audio listener in the scene.
There are 2 audio listeners in the scene. Please ensure there is always exactly one audio listener in the scene.
There are 2 audio listeners in the scene. Please ensure there is always exactly one audio listener in the scene.
There are 2 audio listeners in the scene. Please ensure there is always exactly one audio listener in the scene.
There are 2 audio listeners in the scene. Please ensure there is always exactly one audio listener in the scene.
There are 2 audio listeners in the scene. Please ensure there is always exactly one audio listener in the scene.
There are 2 audio listeners in the scene. Please ensure there is always exactly one audio listener in the scene.
There are 2 audio listeners in the scene. Please ensure there is always exactly one audio listener in the scene.
There are 2 audio listeners in the scene. Please ensure there is always exactly one audio listener in the scene.
There are 2 audio listeners in the scene. Please ensure there is always exactly one audio listener in the scene.
There are 2 audio listeners in the scene. Please ensure there is always exactly one audio listener in the scene.
There are 2 audio listeners in the scene. Please ensure there is always exactly one audio listener in the scene.
There are 2 audio listeners in the scene. Please ensure there is always exactly one audio listener in the scene.
There are 2 audio listeners in the scene. Please ensure there is always exactly one audio listener in the scene.
There are 2 audio listeners in the scene. Please ensure there is always exactly one audio listener in the scene.
There are 2 audio listeners in the scene. Please ensure there is always exactly one audio listener in the scene.
There are 2 audio listeners in the scene. Please ensure there is always exactly one audio listener in the scene.
There are 2 audio listeners in the scene. Please ensure there is always exactly one audio listener in the scene.
There are 2 audio listeners in the scene. Please ensure there is always exactly one audio listener in the scene.
There are 2 audio listeners in the scene. Please ensure there is always exactly one audio listener in the scene.
There are 2 audio listeners in the scene. Please ensure there is always exactly one audio listener in the scene.
There are 2 audio listeners in the scene. Please ensure there is always exactly one audio listener in the scene.
There are 2 audio listeners in the scene. Please ensure there is always exactly one audio listener in the scene.
There are 2 audio listeners in the scene. Please ensure there is always exactly one audio listener in the scene.
There are 2 audio listeners in the scene. Please ensure there is always exactly one audio listener in the scene.
There are 2 audio listeners in the scene. Please ensure there is always exactly one audio listener in the scene.
There are 2 audio listeners in the scene. Please ensure there is always exactly one audio listener in the scene.
There are 2 audio listeners in the scene. Please ensure there is always exactly one audio listener in the scene.
There are 2 audio listeners in the scene. Please ensure there is always exactly one audio listener in the scene.
There are 2 audio listeners in the scene. Please ensure there is always exactly one audio listener in the scene.
There are 2 audio listeners in the scene. Please ensure there is always exactly one audio listener in the scene.
There are 2 audio listeners in the scene. Please ensure there is always exactly one audio listener in the scene.
There are 2 audio listeners in the scene. Please ensure there is always exactly one audio listener in the scene.
There are 2 audio listeners in the scene. Please ensure there is always exactly one audio listener in the scene.
There are 2 audio listeners in the scene. Please ensure there is always exactly one audio listener in the scene.
There are 2 audio listeners in the scene. Please ensure there is always exactly one audio listener in the scene.
There are 2 audio listeners in the scene. Please ensure there is always exactly one audio listener in the scene.
There are 2 audio listeners in the scene. Please ensure there is always exactly one audio listener in the scene.
There are 2 audio listeners in the scene. Please ensure there is always exactly one audio listener in the scene.
There are 2 audio listeners in the scene. Please ensure there is always exactly one audio listener in the scene.
There are 2 audio listeners in the scene. Please ensure there is always exactly one audio listener in the scene.
There are 2 audio listeners in the scene. Please ensure there is always exactly one audio listener in the scene.
There are 2 audio listeners in the scene. Please ensure there is always exactly one audio listener in the scene.
There are 2 audio listeners in the scene. Please ensure there is always exactly one audio listener in the scene.
There are 2 audio listeners in the scene. Please ensure there is always exactly one audio listener in the scene.
There are 2 audio listeners in the scene. Please ensure there is always exactly one audio listener in the scene.
There are 2 audio listeners in the scene. Please ensure there is always exactly one audio listener in the scene.
There are 2 audio listeners in the scene. Please ensure there is always exactly one audio listener in the scene.
There are 2 audio listeners in the scene. Please ensure there is always exactly one audio listener in the scene.
There are 2 audio listeners in the scene. Please ensure there is always exactly one audio listener in the scene.
There are 2 audio listeners in the scene. Please ensure there is always exactly one audio listener in the scene.
There are 2 audio listeners in the scene. Please ensure there is always exactly one audio listener in the scene.
There are 2 audio listeners in the scene. Please ensure there is always exactly one audio listener in the scene.
There are 2 audio listeners in the scene. Please ensure there is always exactly one audio listener in the scene.
There are 2 audio listeners in the scene. Please ensure there is always exactly one audio listener in the scene.
There are 2 audio listeners in the scene. Please ensure there is always exactly one audio listener in the scene.
There are 2 audio listeners in the scene. Please ensure there is always exactly one audio listener in the scene.
There are 2 audio listeners in the scene. Please ensure there is always exactly one audio listener in the scene.
There are 2 audio listeners in the scene. Please ensure there is always exactly one audio listener in the scene.
There are 2 audio listeners in the scene. Please ensure there is always exactly one audio listener in the scene.
There are 2 audio listeners in the scene. Please ensure there is always exactly one audio listener in the scene.
There are 2 audio listeners in the scene. Please ensure there is always exactly one audio listener in the scene.
There are 2 audio listeners in the scene. Please ensure there is always exactly one audio listener in the scene.
There are 2 audio listeners in the scene. Please ensure there is always exactly one audio listener in the scene.
There are 2 audio listeners in the scene. Please ensure there is always exactly one audio listener in the scene.
There are 2 audio listeners in the scene. Please ensure there is always exactly one audio listener in the scene.
There are 2 audio listeners in the scene. Please ensure there is always exactly one audio listener in the scene.
There are 2 audio listeners in the scene. Please ensure there is always exactly one audio listener in the scene.
There are 2 audio listeners in the scene. Please ensure there is always exactly one audio listener in the scene.
There are 2 audio listeners in the scene. Please ensure there is always exactly one audio listener in the scene.
There are 2 audio listeners in the scene. Please ensure there is always exactly one audio listener in the scene.
There are 2 audio listeners in the scene. Please ensure there is always exactly one audio listener in the scene.
There are 2 audio listeners in the scene. Please ensure there is always exactly one audio listener in the scene.
There are 2 audio listeners in the scene. Please ensure there is always exactly one audio listener in the scene.
There are 2 audio listeners in the scene. Please ensure there is always exactly one audio listener in the scene.
There are 2 audio listeners in the scene. Please ensure there is always exactly one audio listener in the scene.
There are 2 audio listeners in the scene. Please ensure there is always exactly one audio listener in the scene.
There are 2 audio listeners in the scene. Please ensure there is always exactly one audio listener in the scene.
There are 2 audio listeners in the scene. Please ensure there is always exactly one audio listener in the scene.
There are 2 audio listeners in the scene. Please ensure there is always exactly one audio listener in the scene.
There are 2 audio listeners in the scene. Please ensure there is always exactly one audio listener in the scene.
There are 2 audio listeners in the scene. Please ensure there is always exactly one audio listener in the scene.
There are 2 audio listeners in the scene. Please ensure there is always exactly one audio listener in the scene.
There are 2 audio listeners in the scene. Please ensure there is always exactly one audio listener in the scene.
There are 2 audio listeners in the scene. Please ensure there is always exactly one audio listener in the scene.
There are 2 audio listeners in the scene. Please ensure there is always exactly one audio listener in the scene.
There are 2 audio listeners in the scene. Please ensure there is always exactly one audio listener in the scene.
There are 2 audio listeners in the scene. Please ensure there is always exactly one audio listener in the scene.
There are 2 audio listeners in the scene. Please ensure there is always exactly one audio listener in the scene.
There are 2 audio listeners in the scene. Please ensure there is always exactly one audio listener in the scene.
There are 2 audio listeners in the scene. Please ensure there is always exactly one audio listener in the scene.
There are 2 audio listeners in the scene. Please ensure there is always exactly one audio listener in the scene.
There are 2 audio listeners in the scene. Please ensure there is always exactly one audio listener in the scene.
There are 2 audio listeners in the scene. Please ensure there is always exactly one audio listener in the scene.
There are 2 audio listeners in the scene. Please ensure there is always exactly one audio listener in the scene.
There are 2 audio listeners in the scene. Please ensure there is always exactly one audio listener in the scene.
There are 2 audio listeners in the scene. Please ensure there is always exactly one audio listener in the scene.
There are 2 audio listeners in the scene. Please ensure there is always exactly one audio listener in the scene.
There are 2 audio listeners in the scene. Please ensure there is always exactly one audio listener in the scene.
There are 2 audio listeners in the scene. Please ensure there is always exactly one audio listener in the scene.
There are 2 audio listeners in the scene. Please ensure there is always exactly one audio listener in the scene.
There are 2 audio listeners in the scene. Please ensure there is always exactly one audio listener in the scene.
There are 2 audio listeners in the scene. Please ensure there is always exactly one audio listener in the scene.
There are 2 audio listeners in the scene. Please ensure there is always exactly one audio listener in the scene.
There are 2 audio listeners in the scene. Please ensure there is always exactly one audio listener in the scene.
There are 2 audio listeners in the scene. Please ensure there is always exactly one audio listener in the scene.
There are 2 audio listeners in the scene. Please ensure there is always exactly one audio listener in the scene.
There are 2 audio listeners in the scene. Please ensure there is always exactly one audio listener in the scene.
There are 2 audio listeners in the scene. Please ensure there is always exactly one audio listener in the scene.
There are 2 audio listeners in the scene. Please ensure there is always exactly one audio listener in the scene.
There are 2 audio listeners in the scene. Please ensure there is always exactly one audio listener in the scene.
There are 2 audio listeners in the scene. Please ensure there is always exactly one audio listener in the scene.
There are 2 audio listeners in the scene. Please ensure there is always exactly one audio listener in the scene.
There are 2 audio listeners in the scene. Please ensure there is always exactly one audio listener in the scene.
There are 2 audio listeners in the scene. Please ensure there is always exactly one audio listener in the scene.
There are 2 audio listeners in the scene. Please ensure there is always exactly one audio listener in the scene.
There are 2 audio listeners in the scene. Please ensure there is always exactly one audio listener in the scene.
There are 2 audio listeners in the scene. Please ensure there is always exactly one audio listener in the scene.
There are 2 audio listeners in the scene. Please ensure there is always exactly one audio listener in the scene.
There are 2 audio listeners in the scene. Please ensure there is always exactly one audio listener in the scene.
There are 2 audio listeners in the scene. Please ensure there is always exactly one audio listener in the scene.
There are 2 audio listeners in the scene. Please ensure there is always exactly one audio listener in the scene.
There are 2 audio listeners in the scene. Please ensure there is always exactly one audio listener in the scene.
There are 2 audio listeners in the scene. Please ensure there is always exactly one audio listener in the scene.
There are 2 audio listeners in the scene. Please ensure there is always exactly one audio listener in the scene.
There are 2 audio listeners in the scene. Please ensure there is always exactly one audio listener in the scene.
There are 2 audio listeners in the scene. Please ensure there is always exactly one audio listener in the scene.
There are 2 audio listeners in the scene. Please ensure there is always exactly one audio listener in the scene.
There are 2 audio listeners in the scene. Please ensure there is always exactly one audio listener in the scene.
There are 2 audio listeners in the scene. Please ensure there is always exactly one audio listener in the scene.
There are 2 audio listeners in the scene. Please ensure there is always exactly one audio listener in the scene.
There are 2 audio listeners in the scene. Please ensure there is always exactly one audio listener in the scene.
There are 2 audio listeners in the scene. Please ensure there is always exactly one audio listener in the scene.
There are 2 audio listeners in the scene. Please ensure there is always exactly one audio listener in the scene.
There are 2 audio listeners in the scene. Please ensure there is always exactly one audio listener in the scene.
There are 2 audio listeners in the scene. Please ensure there is always exactly one audio listener in the scene.
There are 2 audio listeners in the scene. Please ensure there is always exactly one audio listener in the scene.
There are 2 audio listeners in the scene. Please ensure there is always exactly one audio listener in the scene.
There are 2 audio listeners in the scene. Please ensure there is always exactly one audio listener in the scene.
There are 2 audio listeners in the scene. Please ensure there is always exactly one audio listener in the scene.
There are 2 audio listeners in the scene. Please ensure there is always exactly one audio listener in the scene.
There are 2 audio listeners in the scene. Please ensure there is always exactly one audio listener in the scene.
There are 2 audio listeners in the scene. Please ensure there is always exactly one audio listener in the scene.
There are 2 audio listeners in the scene. Please ensure there is always exactly one audio listener in the scene.
There are 2 audio listeners in the scene. Please ensure there is always exactly one audio listener in the scene.
There are 2 audio listeners in the scene. Please ensure there is always exactly one audio listener in the scene.
There are 2 audio listeners in the scene. Please ensure there is always exactly one audio listener in the scene.
There are 2 audio listeners in the scene. Please ensure there is always exactly one audio listener in the scene.
There are 2 audio listeners in the scene. Please ensure there is always exactly one audio listener in the scene.
There are 2 audio listeners in the scene. Please ensure there is always exactly one audio listener in the scene.
There are 2 audio listeners in the scene. Please ensure there is always exactly one audio listener in the scene.
There are 2 audio listeners in the scene. Please ensure there is always exactly one audio listener in the scene.
There are 2 audio listeners in the scene. Please ensure there is always exactly one audio listener in the scene.
There are 2 audio listeners in the scene. Please ensure there is always exactly one audio listener in the scene.
There are 2 audio listeners in the scene. Please ensure there is always exactly one audio listener in the scene.
There are 2 audio listeners in the scene. Please ensure there is always exactly one audio listener in the scene.
There are 2 audio listeners in the scene. Please ensure there is always exactly one audio listener in the scene.
There are 2 audio listeners in the scene. Please ensure there is always exactly one audio listener in the scene.
There are 2 audio listeners in the scene. Please ensure there is always exactly one audio listener in the scene.
There are 2 audio listeners in the scene. Please ensure there is always exactly one audio listener in the scene.
There are 2 audio listeners in the scene. Please ensure there is always exactly one audio listener in the scene.
There are 2 audio listeners in the scene. Please ensure there is always exactly one audio listener in the scene.
There are 2 audio listeners in the scene. Please ensure there is always exactly one audio listener in the scene.
There are 2 audio listeners in the scene. Please ensure there is always exactly one audio listener in the scene.
There are 2 audio listeners in the scene. Please ensure there is always exactly one audio listener in the scene.
There are 2 audio listeners in the scene. Please ensure there is always exactly one audio listener in the scene.
There are 2 audio listeners in the scene. Please ensure there is always exactly one audio listener in the scene.
There are 2 audio listeners in the scene. Please ensure there is always exactly one audio listener in the scene.
There are 2 audio listeners in the scene. Please ensure there is always exactly one audio listener in the scene.
There are 2 audio listeners in the scene. Please ensure there is always exactly one audio listener in the scene.
There are 2 audio listeners in the scene. Please ensure there is always exactly one audio listener in the scene.
There are 2 audio listeners in the scene. Please ensure there is always exactly one audio listener in the scene.
There are 2 audio listeners in the scene. Please ensure there is always exactly one audio listener in the scene.
There are 2 audio listeners in the scene. Please ensure there is always exactly one audio listener in the scene.
There are 2 audio listeners in the scene. Please ensure there is always exactly one audio listener in the scene.
There are 2 audio listeners in the scene. Please ensure there is always exactly one audio listener in the scene.
There are 2 audio listeners in the scene. Please ensure there is always exactly one audio listener in the scene.
There are 2 audio listeners in the scene. Please ensure there is always exactly one audio listener in the scene.
There are 2 audio listeners in the scene. Please ensure there is always exactly one audio listener in the scene.
There are 2 audio listeners in the scene. Please ensure there is always exactly one audio listener in the scene.
There are 2 audio listeners in the scene. Please ensure there is always exactly one audio listener in the scene.
There are 2 audio listeners in the scene. Please ensure there is always exactly one audio listener in the scene.
There are 2 audio listeners in the scene. Please ensure there is always exactly one audio listener in the scene.
There are 2 audio listeners in the scene. Please ensure there is always exactly one audio listener in the scene.
There are 2 audio listeners in the scene. Please ensure there is always exactly one audio listener in the scene.
There are 2 audio listeners in the scene. Please ensure there is always exactly one audio listener in the scene.
There are 2 audio listeners in the scene. Please ensure there is always exactly one audio listener in the scene.
There are 2 audio listeners in the scene. Please ensure there is always exactly one audio listener in the scene.
There are 2 audio listeners in the scene. Please ensure there is always exactly one audio listener in the scene.
There are 2 audio listeners in the scene. Please ensure there is always exactly one audio listener in the scene.
There are 2 audio listeners in the scene. Please ensure there is always exactly one audio listener in the scene.
There are 2 audio listeners in the scene. Please ensure there is always exactly one audio listener in the scene.
There are 2 audio listeners in the scene. Please ensure there is always exactly one audio listener in the scene.
There are 2 audio listeners in the scene. Please ensure there is always exactly one audio listener in the scene.
There are 2 audio listeners in the scene. Please ensure there is always exactly one audio listener in the scene.
There are 2 audio listeners in the scene. Please ensure there is always exactly one audio listener in the scene.
There are 2 audio listeners in the scene. Please ensure there is always exactly one audio listener in the scene.
Unloading 0 Unused Serialized files (Serialized files now loaded: 0)
Loaded scene 'Temp/__Backupscenes/0.backup'
	Deserialize:            9.051 ms
	Integration:            235.566 ms
	Integration of assets:  0.004 ms
	Thread Wait Time:       0.037 ms
	Total Operation Time:   244.657 ms
Unloading 176 unused Assets / (134.6 KB). Loaded Objects now: 10485.
Memory consumption went from 0.70 GB to 0.70 GB.
Total: 34.167400 ms (FindLiveObjects: 0.763400 ms CreateObjectMapping: 1.922100 ms MarkObjects: 24.675800 ms  DeleteObjects: 6.803500 ms)

[Licensing::Client] Successfully resolved entitlement details
Asset Pipeline Refresh (id=8e157406b91d21840988f7f4007aa21d): Total: 0.188 seconds - Initiated by RefreshV2(AllowForceSynchronousImport)
MonoPathRemapper: Attempts to remap: 52661; Successful remaps: 18906
Serialized file version minimum: 22, current 23
[LAYOUT] About to save layout C:\Users\bhask\OneDrive\Desktop\My project\UserSettings\Layouts\default-6000.dwlt
[LAYOUT] About to save layout C:/Users/bhask/AppData/Roaming/Unity/Editor-5.x/Preferences\Layouts\current\default-6000.dwlt
Killing ADB server in 0.1587675 seconds.
Input System module state changed to: ShutdownInProgress.
Input Polling Thread exited.
Input System module state changed to: Shutdown.
[Physics::Module] Cleanup current backend.
[Physics::Module] Id: 0xf2b8ea05
[Licensing::IpcConnector] LicenseClient-bhask-6000.5.6-notifications channel disconnected successfully.
[Licensing::IpcConnector] LicenseClient-bhask-6000.5.6 channel disconnected successfully.
Shut down.
AcceleratorClientConnectionCallback - disconnected - :0
Cleanup mono
CodeReloadManager destroyed
debugger-agent: Unable to listen on 3664
Checking for leaked weakptr:
  Found no leaked weakptrs.
[Package Manager] Server process was shutdown
##utp:{"type":"MemoryLeaks","version":2,"phase":"Immediate","time":1787850002471,"processId":4560,"allocatedMemory":52946489,"memoryLabels":[{"Default":211121},{"Permanent":15516},{"NewDelete":82645},{"Thread":4197600},{"Manager":818533},{"VertexData":8},{"Geometry":816},{"Texture":24},{"Shader":856939},{"Material":24},{"GfxDevice":55328},{"Animation":64184},{"Audio":1544},{"FreeType":8},{"FontEngine":736},{"Physics":2146},{"Physics2D":16},{"Serialization":287464},{"Input":45280},{"JobScheduler":256},{"TextLib":14806},{"Mono":48},{"MonoCode":128},{"ScriptingNativeRuntime":1633836},{"BaseObject":1895757},{"Resource":1208},{"Renderer":3080},{"Transform":4685},{"File":12908},{"WebCam":616},{"Culling":32},{"Terrain":11442},{"Wind":24},{"STL":40},{"String":9644},{"StaticString":3808},{"Utility":2673075},{"PoolAlloc":2360},{"AI":80},{"TypeTree":20997},{"CodeReload":448},{"RuntimeInitializeOnLoadManager":64},{"Sprites":102},{"SpriteAtlas":120},{"GI":7816},{"CloudService":6920},{"WebRequest":10588},{"VR":47114},{"SceneManager":608},{"Video":208},{"LazyScriptCache":32},{"NativeArray":33055388},{"Camera":17},{"Secure":265},{"SerializationCache":1576},{"APIUpdating":10320},{"Subsystems":336},{"VirtualTexturing":57888},{"StaticSafetyDebugInfo":278528},{"Analytics":552},{"Hierarchy":1176},{"UIElements":941576},{"CoreStats":13688},{"Identifiers":6768},{"Gui":268659},{"EditorUtility":270514},{"VersionControl":8},{"Undo":931},{"AssetDatabase":5048002},{"AssetImporter":40},{"EditorGi":328},{"UnityConnect":35346},{"Upm":1988},{"UpmDiagnostics":8},{"AssetCompliance":64},{"DrivenProperties":72},{"LocalIPC":211},{"ProfilerEditor":9746},{"CoreBusinessMetrics":3480},{"Windowing":456},{"Licensing":664},{"AssetReference":32},{"IPCStream":32}]}
